Workbook

Sheet Metadata

Sheet Analysis
E7: Sum of Grade ore Li%
E8: Type | F8: DLE | G8: Deposit | H8: Ref_Water2 | I8: Total
E9: Brine | F9: No | G9: Atacama | H9: Feng et al. (2025) | I9: 0.00083
H10: Lagos et al. (2024) | I10: 0.0019
H11: Schenker & Pfister (2025) | I11: 0.0015
H12: Sun et al. (2024) | I12: 0.0015
H13: Vera et al. (2023) | I13: 0.00157
G14: Brine high grade | H14: Mas-Fons et al. (2024) | I14: 0.001048
G15: Brine low grade | H15: Mas-Fons et al. (2024) | I15: 3.8e-05
G16: Brine medium grade | H16: Mas-Fons et al. (2024) | I16: 0.000347
G17: Cauchari-Olaroz | H17: Feng et al. (2025) | I17: 0.00083
H18: Schenker & Pfister (2025) | I18: 0.0005
G19: Dongtai Jinaier | H19: Sun et al. (2024) | I19: 0.0002
G20: Fenix | H20: Paz et al. (2025) | I20: 0.000523
G21: Hombre Muerto | H21: Sun et al. (2024) | I21: 0.0007
G22: Hombre Muerto North | H22: Schenker & Pfister (2025) | I22: 0.0007
G23: Maricunga | H23: Schenker & Pfister (2025) | I23: 0.0009
G24: Olaroz | H24: Feng et al. (2025) | I24: 0.00083
H25: Paz et al. (2025) | I25: 0.00063
H26: Schenker & Pfister (2025) | I26: 0.0006
H27: Sun et al. (2024) | I27: 0.0005
G28: Pastos Grandes | H28: Schenker & Pfister (2025) | I28: 0.0004
G29: Qarhan | H29: Sun et al. (2024) | I29: 0.0002
G30: Sal de Vida | H30: Schenker & Pfister (2025) | I30: 0.0008
G31: Silver Peak | H31: Feng et al. (2025) | I31: 0.00083
H32: Schenker & Pfister (2025) | I32: 0.0002
H33: Sun et al. (2024) | I33: 0.0003
G34: Tres Quebradas | H34: Schenker & Pfister (2025) | I34: 0.001
G35: West Tajinar | H35: Feng et al. (2025) | I35: 0.00021
G36: Xitai Jinaier | H36: Sun et al. (2024) | I36: 0.0002
G37: Zabuye | H37: Sun et al. (2024) | I37: 0.00097
G38: Chile | H38: Orquera et al. (2026)
G39: Argentina | H39: Orquera et al. (2026)
G40: Bolivia | H40: Orquera et al. (2026)
G41: Salar de Olaroz | H41: Vera et al. (2023) | I41: 0.00057
F42: Yes | G42: Antofalla | H42: Schenker & Pfister (2025) | I42: 0.0003
G43: Arizaro | H43: Schenker & Pfister (2025) | I43: 0.0003
G44: Atacama | H44: Vera et al. (2023) | I44: 0.00157
G45: Barunma Sea | H45: Feng et al. (2025) | I45: 0.000155
G46: Centenario | H46: Schenker & Pfister (2025) | I46: 0.0003
G47: Chaerhan | H47: Schenker & Pfister (2025) | I47: 0.0002
G48: Da Qaidam | H48: Feng et al. (2025) | I48: 0.00024
G49: East Tajinar | H49: Feng et al. (2025) | I49: 0.00085
G50: Fenix | H50: Schenker & Pfister (2025) | I50: 0.0007
G51: Hombre Muerto | H51: Feng et al. (2025) | I51: 0.0006
H52: Vera et al. (2023) | I52: 0.0009
G53: Kachi | H53: Schenker & Pfister (2025) | I53: 0.0002
G54: Los Angeles | H54: Schenker & Pfister (2025) | I54: 0.0002
G55: Pozuelos | H55: Schenker & Pfister (2025) | I55: 0.0002
G56: Qarhan | H56: Feng et al. (2025) | I56: 0.000155
G57: Qinghai Yiliping | H57: Schenker & Pfister (2025) | I57: 0.0002
G58: Rincon | H58: Schenker & Pfister (2025) | I58: 0.0003
G59: Rio Grande | H59: Schenker & Pfister (2025) | I59: 0.0003
G60: Salinas Grandes | H60: Schenker & Pfister (2025) | I60: 0.0002
G61: Tolillar | H61: Schenker & Pfister (2025) | I61: 0.0003
G62: Uyuni | H62: Schenker & Pfister (2025) | I62: 0.0007
H63: Vera et al. (2023) | I63: 0.00032
G64: Yiliping | H64: Feng et al. (2025) | I64: 0.00015
G65: Chile | H65: Orquera et al. (2026)
G66: Argentina | H66: Orquera et al. (2026)
G67: Bolivia | H67: Orquera et al. (2026)
G68: Salar de Olaroz | H68: Vera et al. (2023) | I68: 0.00057
G69: Zabuye North | H69: Vera et al. (2023) | I69: 0.00066
G70: Clayton Valley | H70: Vera et al. (2023) | I70: 0.00036
G71: Tajinar | H71: Vera et al. (2023) | I71: 0.00021
E72: Brine (Geothermal) | F72: Yes | G72: Salton Sea | H72: Schenker & Pfister (2025) | I72: 0.0002
G73: Upper Rhine Graben | H73: Schenker & Pfister (2025) | I73: 0.0002
E74: Brine (Oilfield) | F74: No | G74: Smackover Arkansas | H74: Iyer & Kelly (2024) | I74: 0.000217
G75: SW Arkansas | H75: Iyer & Kelly (2024) | I75: 0.000481
E76: Hard Rock | F76: No | G76: Arcadia | H76: Sun et al. (2024) | I76: 0.0055216
G77: Bald Hill | H77: Sun et al. (2024) | I77: 0.0046864
G78: Greenbushes | H78: Feng et al. (2024) | I78: 0.007424
H79: Sun et al. (2024) | I79: 0.00928
G80: Grota do Cirilo | H80: Sun et al. (2024) | I80: 0.006728
G81: Hard rock high grade | H81: Mas-Fons et al. (2024) | I81: 0.01685
G82: Hard rock low grade | H82: Mas-Fons et al. (2024) | I82: 0.003008
G83: Hard rock medium grade | H83: Mas-Fons et al. (2024) | I83: 0.007605
G84: Keliber-Syvajarvi (Finland) | H84: Iyer, Kelly & Wang (2026) | I84: 0.004
G85: Mina do Barroso | H85: Sun et al. (2024) | I85: 0.0048256
G86: Mt Cattlin | H86: Feng et al. (2024) | I86: 0.005568
H87: Sun et al. (2024) | I87: 0.005568
G88: Mt Marion | H88: Feng et al. (2024) | I88: 0.0063568
H89: Sun et al. (2024) | I89: 0.0063568
G90: Mt Wodgina | H90: Feng et al. (2024) | I90: 0.0054288
G91: Nemaska Lithium | H91: Sun et al. (2024) | I91: 0.006032
G92: Pilgangoora | H92: Feng et al. (2024) | I92: 0.005104
H93: Sun et al. (2024) | I93: 0.0055216
G94: Wodgina | H94: Sun et al. (2024) | I94: 0.0054288
G95: Brazil | H95: Orquera et al. (2026)
E96: Volcano-Sedimentary | F96: No | G96: Falchani | H96: Khakmardan et al. (2024) | I96: 0.0033
G97: Mc Dermitt Caldera | H97: Roy et al. (2024) | I97: 0.00134
G98: Nevada sedimentary projects | H98: Mousavinezhad et al. (2025) | I98: 0.001865
G99: Sonora | H99: Khakmardan et al. (2024) | I99: 0.0035
G100: Thacker Pass | H100: Iyer & Kelly (2024) | I100: 0.00316
H101: Khakmardan et al. (2024) | I101: 0.0032
H102: Roy et al. (2024) | I102: 0.00316
G103: Tonopah lithium | H103: Iyer & Kelly (2024) | I103: 0.000924
E104: Grand Total | I104: 0.1753064

Sheet Database
A1: Order | B1: Include | C1: Reason_Exclusion | D1: Deposit | E1: Name | F1: ID | G1: Type | H1: Grade ore Li% | I1: Ref_grade | J1: Brine Water | K1: Freshwater | L1: Total Water | M1: Unit num | N1: Unit den | O1: DLE | P1: Detail | Q1: Water type | R1: Ref_Water | S1: Ref_Water2 | T1: BrineWater_m3_tonLCE | U1: FreshWater_m3_tonLCE | V1: TotalWater_m3_tonLCE | W1: Brine_m3_tonLCE_GradeOnly | X1: Implied_Recovery
A2: 1 | B2: 1 | D2: Atacama | E2: Salar de Atacama (SQM) | F2: 37384 | G2: Brine | H2: 0.0015 | I2: 3 | K2: 47 | L2: =+Table2[[#This Row],[Brine Water]]+Table2[[#This Row],[Freshwater]] -> 47 | M2: kg | N2: kg LCE Battery grade | O2: No | P2: Conventional chemical-based technology | Q2: Freshwater consumption | R2: 3 | S2: =+VLOOKUP(R2,Refs[],2,0) -> Schenker & Pfister (2025) | T2: =IF(ISBLANK(Table2[[#This Row],[Brine Water]]),"",+VLOOKUP(Table2[[#This Row],[Unit num]]&"/"&Table2[[#This Row],[Unit den]],Conversion!$A$2:$B$50,2,0)*Table2[[#This Row],[Brine Water]]) | U2: =IF(ISBLANK(Table2[[#This Row],[Freshwater]]),"",+VLOOKUP(Table2[[#This Row],[Unit num]]&"/"&Table2[[#This Row],[Unit den]],Conversion!$A$2:$B$50,2,0)*Table2[[#This Row],[Freshwater]]) -> 47 | V2: =+VLOOKUP(Table2[[#This Row],[Unit num]]&"/"&Table2[[#This Row],[Unit den]],Conversion!$A$2:$B$50,2,0)*Table2[[#This Row],[Total Water]] -> 47 | W2: =IF(ISNUMBER(FIND("Brine",Table2[[#This Row],[Type]])),1/Table2[[#This Row],[Grade ore Li%]]/5.323,"") -> 125.24266 | X2: =+IF(ISBLANK(Table2[[#This Row],[Brine Water]]),"",Table2[[#This Row],[Brine_m3_tonLCE_GradeOnly]]/Table2[[#This Row],[BrineWater_m3_tonLCE]])
A3: 2 | B3: 1 | D3: Tres Quebradas | E3: Tres Quebradas | F3: 78031 | G3: Brine | H3: 0.001 | I3: 3 | K3: 53 | L3: =+Table2[[#This Row],[Brine Water]]+Table2[[#This Row],[Freshwater]] -> 53 | M3: kg | N3: kg LCE Battery grade | O3: No | P3: Conventional chemical-based technology | Q3: Freshwater consumption | R3: 3 | S3: =+VLOOKUP(R3,Refs[],2,0) -> Schenker & Pfister (2025) | T3: =IF(ISBLANK(Table2[[#This Row],[Brine Water]]),"",+VLOOKUP(Table2[[#This Row],[Unit num]]&"/"&Table2[[#This Row],[Unit den]],Conversion!$A$2:$B$50,2,0)*Table2[[#This Row],[Brine Water]]) | U3: =IF(ISBLANK(Table2[[#This Row],[Freshwater]]),"",+VLOOKUP(Table2[[#This Row],[Unit num]]&"/"&Table2[[#This Row],[Unit den]],Conversion!$A$2:$B$50,2,0)*Table2[[#This Row],[Freshwater]]) -> 53 | V3: =+VLOOKUP(Table2[[#This Row],[Unit num]]&"/"&Table2[[#This Row],[Unit den]],Conversion!$A$2:$B$50,2,0)*Table2[[#This Row],[Total Water]] -> 53 | W3: =IF(ISNUMBER(FIND("Brine",Table2[[#This Row],[Type]])),1/Table2[[#This Row],[Grade ore Li%]]/5.323,"") -> 187.86399 | X3: =+IF(ISBLANK(Table2[[#This Row],[Brine Water]]),"",Table2[[#This Row],[Brine_m3_tonLCE_GradeOnly]]/Table2[[#This Row],[BrineWater_m3_tonLCE]])
A4: 3 | B4: 1 | D4: Maricunga | E4: Salar de Maricunga | F4: 38700 | G4: Brine | H4: 0.0009 | I4: 3 | K4: 200 | L4: =+Table2[[#This Row],[Brine Water]]+Table2[[#This Row],[Freshwater]] -> 200 | M4: kg | N4: kg LCE Battery grade | O4: No | P4: Conventional chemical-based technology | Q4: Freshwater consumption | R4: 3 | S4: =+VLOOKUP(R4,Refs[],2,0) -> Schenker & Pfister (2025) | T4: =IF(ISBLANK(Table2[[#This Row],[Brine Water]]),"",+VLOOKUP(Table2[[#This Row],[Unit num]]&"/"&Table2[[#This Row],[Unit den]],Conversion!$A$2:$B$50,2,0)*Table2[[#This Row],[Brine Water]]) | U4: =IF(ISBLANK(Table2[[#This Row],[Freshwater]]),"",+VLOOKUP(Table2[[#This Row],[Unit num]]&"/"&Table2[[#This Row],[Unit den]],Conversion!$A$2:$B$50,2,0)*Table2[[#This Row],[Freshwater]]) -> 200 | V4: =+VLOOKUP(Table2[[#This Row],[Unit num]]&"/"&Table2[[#This Row],[Unit den]],Conversion!$A$2:$B$50,2,0)*Table2[[#This Row],[Total Water]] -> 200 | W4: =IF(ISNUMBER(FIND("Brine",Table2[[#This Row],[Type]])),1/Table2[[#This Row],[Grade ore Li%]]/5.323,"") -> 208.73776 | X4: =+IF(ISBLANK(Table2[[#This Row],[Brine Water]]),"",Table2[[#This Row],[Brine_m3_tonLCE_GradeOnly]]/Table2[[#This Row],[BrineWater_m3_tonLCE]])
A5: 4 | B5: 1 | D5: Sal de Vida | E5: Sal de Vida | F5: 37611 | G5: Brine | H5: 0.0008 | I5: 3 | K5: 33 | L5: =+Table2[[#This Row],[Brine Water]]+Table2[[#This Row],[Freshwater]] -> 33 | M5: kg | N5: kg LCE Battery grade | O5: No | P5: Conventional chemical-based technology | Q5: Freshwater consumption | R5: 3 | S5: =+VLOOKUP(R5,Refs[],2,0) -> Schenker & Pfister (2025) | T5: =IF(ISBLANK(Table2[[#This Row],[Brine Water]]),"",+VLOOKUP(Table2[[#This Row],[Unit num]]&"/"&Table2[[#This Row],[Unit den]],Conversion!$A$2:$B$50,2,0)*Table2[[#This Row],[Brine Water]]) | U5: =IF(ISBLANK(Table2[[#This Row],[Freshwater]]),"",+VLOOKUP(Table2[[#This Row],[Unit num]]&"/"&Table2[[#This Row],[Unit den]],Conversion!$A$2:$B$50,2,0)*Table2[[#This Row],[Freshwater]]) -> 33 | V5: =+VLOOKUP(Table2[[#This Row],[Unit num]]&"/"&Table2[[#This Row],[Unit den]],Conversion!$A$2:$B$50,2,0)*Table2[[#This Row],[Total Water]] -> 33 | W5: =IF(ISNUMBER(FIND("Brine",Table2[[#This Row],[Type]])),1/Table2[[#This Row],[Grade ore Li%]]/5.323,"") -> 234.82998 | X5: =+IF(ISBLANK(Table2[[#This Row],[Brine Water]]),"",Table2[[#This Row],[Brine_m3_tonLCE_GradeOnly]]/Table2[[#This Row],[BrineWater_m3_tonLCE]])
A6: 5 | B6: 1 | D6: Hombre Muerto North | E6: Hombre Muerto North (Lithium South) | F6: 79236 | G6: Brine | H6: 0.0007 | I6: 3 | K6: 61 | L6: =+Table2[[#This Row],[Brine Water]]+Table2[[#This Row],[Freshwater]] -> 61 | M6: kg | N6: kg LCE Battery grade | O6: No | P6: Conventional chemical-based technology | Q6: Freshwater consumption | R6: 3 | S6: =+VLOOKUP(R6,Refs[],2,0) -> Schenker & Pfister (2025) | T6: =IF(ISBLANK(Table2[[#This Row],[Brine Water]]),"",+VLOOKUP(Table2[[#This Row],[Unit num]]&"/"&Table2[[#This Row],[Unit den]],Conversion!$A$2:$B$50,2,0)*Table2[[#This Row],[Brine Water]]) | U6: =IF(ISBLANK(Table2[[#This Row],[Freshwater]]),"",+VLOOKUP(Table2[[#This Row],[Unit num]]&"/"&Table2[[#This Row],[Unit den]],Conversion!$A$2:$B$50,2,0)*Table2[[#This Row],[Freshwater]]) -> 61 | V6: =+VLOOKUP(Table2[[#This Row],[Unit num]]&"/"&Table2[[#This Row],[Unit den]],Conversion!$A$2:$B$50,2,0)*Table2[[#This Row],[Total Water]] -> 61 | W6: =IF(ISNUMBER(FIND("Brine",Table2[[#This Row],[Type]])),1/Table2[[#This Row],[Grade ore Li%]]/5.323,"") -> 268.37712 | X6: =+IF(ISBLANK(Table2[[#This Row],[Brine Water]]),"",Table2[[#This Row],[Brine_m3_tonLCE_GradeOnly]]/Table2[[#This Row],[BrineWater_m3_tonLCE]])
A7: 6 | B7: 1 | D7: Cauchari-Olaroz | E7: #N/A | F7: 37624 | G7: Brine | H7: 0.0005 | I7: 3 | K7: 56 | L7: =+Table2[[#This Row],[Brine Water]]+Table2[[#This Row],[Freshwater]] -> 56 | M7: kg | N7: kg LCE Battery grade | O7: No | P7: Conventional chemical-based technology | Q7: Freshwater consumption | R7: 3 | S7: =+VLOOKUP(R7,Refs[],2,0) -> Schenker & Pfister (2025) | T7: =IF(ISBLANK(Table2[[#This Row],[Brine Water]]),"",+VLOOKUP(Table2[[#This Row],[Unit num]]&"/"&Table2[[#This Row],[Unit den]],Conversion!$A$2:$B$50,2,0)*Table2[[#This Row],[Brine Water]]) | U7: =IF(ISBLANK(Table2[[#This Row],[Freshwater]]),"",+VLOOKUP(Table2[[#This Row],[Unit num]]&"/"&Table2[[#This Row],[Unit den]],Conversion!$A$2:$B$50,2,0)*Table2[[#This Row],[Freshwater]]) -> 56 | V7: =+VLOOKUP(Table2[[#This Row],[Unit num]]&"/"&Table2[[#This Row],[Unit den]],Conversion!$A$2:$B$50,2,0)*Table2[[#This Row],[Total Water]] -> 56 | W7: =IF(ISNUMBER(FIND("Brine",Table2[[#This Row],[Type]])),1/Table2[[#This Row],[Grade ore Li%]]/5.323,"") -> 375.72797 | X7: =+IF(ISBLANK(Table2[[#This Row],[Brine Water]]),"",Table2[[#This Row],[Brine_m3_tonLCE_GradeOnly]]/Table2[[#This Row],[BrineWater_m3_tonLCE]])
A8: 7 | B8: 1 | D8: Pastos Grandes | E8: Pastos Grandes (Lithium Americas) | F8: 77807 | G8: Brine | H8: 0.0004 | I8: 3 | K8: 85 | L8: =+Table2[[#This Row],[Brine Water]]+Table2[[#This Row],[Freshwater]] -> 85 | M8: kg | N8: kg LCE Battery grade | O8: No | P8: Conventional chemical-based technology | Q8: Freshwater consumption | R8: 3 | S8: =+VLOOKUP(R8,Refs[],2,0) -> Schenker & Pfister (2025) | T8: =IF(ISBLANK(Table2[[#This Row],[Brine Water]]),"",+VLOOKUP(Table2[[#This Row],[Unit num]]&"/"&Table2[[#This Row],[Unit den]],Conversion!$A$2:$B$50,2,0)*Table2[[#This Row],[Brine Water]]) | U8: =IF(ISBLANK(Table2[[#This Row],[Freshwater]]),"",+VLOOKUP(Table2[[#This Row],[Unit num]]&"/"&Table2[[#This Row],[Unit den]],Conversion!$A$2:$B$50,2,0)*Table2[[#This Row],[Freshwater]]) -> 85 | V8: =+VLOOKUP(Table2[[#This Row],[Unit num]]&"/"&Table2[[#This Row],[Unit den]],Conversion!$A$2:$B$50,2,0)*Table2[[#This Row],[Total Water]] -> 85 | W8: =IF(ISNUMBER(FIND("Brine",Table2[[#This Row],[Type]])),1/Table2[[#This Row],[Grade ore Li%]]/5.323,"") -> 469.65997 | X8: =+IF(ISBLANK(Table2[[#This Row],[Brine Water]]),"",Table2[[#This Row],[Brine_m3_tonLCE_GradeOnly]]/Table2[[#This Row],[BrineWater_m3_tonLCE]])
A9: 8 | B9: 1 | D9: Olaroz | E9: Salar de Olaroz (Allkem) | F9: 37059 | G9: Brine | H9: 0.0006 | I9: 3 | K9: 128 | L9: =+Table2[[#This Row],[Brine Water]]+Table2[[#This Row],[Freshwater]] -> 128 | M9: kg | N9: kg LCE Battery grade | O9: No | P9: conventional ion exchanger technology | Q9: Freshwater consumption | R9: 3 | S9: =+VLOOKUP(R9,Refs[],2,0) -> Schenker & Pfister (2025) | T9: =IF(ISBLANK(Table2[[#This Row],[Brine Water]]),"",+VLOOKUP(Table2[[#This Row],[Unit num]]&"/"&Table2[[#This Row],[Unit den]],Conversion!$A$2:$B$50,2,0)*Table2[[#This Row],[Brine Water]]) | U9: =IF(ISBLANK(Table2[[#This Row],[Freshwater]]),"",+VLOOKUP(Table2[[#This Row],[Unit num]]&"/"&Table2[[#This Row],[Unit den]],Conversion!$A$2:$B$50,2,0)*Table2[[#This Row],[Freshwater]]) -> 128 | V9: =+VLOOKUP(Table2[[#This Row],[Unit num]]&"/"&Table2[[#This Row],[Unit den]],Conversion!$A$2:$B$50,2,0)*Table2[[#This Row],[Total Water]] -> 128 | W9: =IF(ISNUMBER(FIND("Brine",Table2[[#This Row],[Type]])),1/Table2[[#This Row],[Grade ore Li%]]/5.323,"") -> 313.10664 | X9: =+IF(ISBLANK(Table2[[#This Row],[Brine Water]]),"",Table2[[#This Row],[Brine_m3_tonLCE_GradeOnly]]/Table2[[#This Row],[BrineWater_m3_tonLCE]])
A10: 9 | B10: 1 | D10: Silver Peak | E10: Silver Peak | F10: 37600 | G10: Brine | H10: 0.0002 | I10: 3 | K10: 67 | L10: =+Table2[[#This Row],[Brine Water]]+Table2[[#This Row],[Freshwater]] -> 67 | M10: kg | N10: kg LCE Battery grade | O10: No | P10: conventional ion exchanger technology | Q10: Freshwater consumption | R10: 3 | S10: =+VLOOKUP(R10,Refs[],2,0) -> Schenker & Pfister (2025) | T10: =IF(ISBLANK(Table2[[#This Row],[Brine Water]]),"",+VLOOKUP(Table2[[#This Row],[Unit num]]&"/"&Table2[[#This Row],[Unit den]],Conversion!$A$2:$B$50,2,0)*Table2[[#This Row],[Brine Water]]) | U10: =IF(ISBLANK(Table2[[#This Row],[Freshwater]]),"",+VLOOKUP(Table2[[#This Row],[Unit num]]&"/"&Table2[[#This Row],[Unit den]],Conversion!$A$2:$B$50,2,0)*Table2[[#This Row],[Freshwater]]) -> 67 | V10: =+VLOOKUP(Table2[[#This Row],[Unit num]]&"/"&Table2[[#This Row],[Unit den]],Conversion!$A$2:$B$50,2,0)*Table2[[#This Row],[Total Water]] -> 67 | W10: =IF(ISNUMBER(FIND("Brine",Table2[[#This Row],[Type]])),1/Table2[[#This Row],[Grade ore Li%]]/5.323,"") -> 939.31993 | X10: =+IF(ISBLANK(Table2[[#This Row],[Brine Water]]),"",Table2[[#This Row],[Brine_m3_tonLCE_GradeOnly]]/Table2[[#This Row],[BrineWater_m3_tonLCE]])
A11: 10 | B11: 1 | D11: Uyuni | E11: Salar de Uyuni | F11: 36153 | G11: Brine | H11: 0.0007 | I11: 3 | K11: 336 | L11: =+Table2[[#This Row],[Brine Water]]+Table2[[#This Row],[Freshwater]] -> 336 | M11: kg | N11: kg LCE Battery grade | O11: Yes | P11: DLE technology from continental brines | Q11: Freshwater consumption | R11: 3 | S11: =+VLOOKUP(R11,Refs[],2,0) -> Schenker & Pfister (2025) | T11: =IF(ISBLANK(Table2[[#This Row],[Brine Water]]),"",+VLOOKUP(Table2[[#This Row],[Unit num]]&"/"&Table2[[#This Row],[Unit den]],Conversion!$A$2:$B$50,2,0)*Table2[[#This Row],[Brine Water]]) | U11: =IF(ISBLANK(Table2[[#This Row],[Freshwater]]),"",+VLOOKUP(Table2[[#This Row],[Unit num]]&"/"&Table2[[#This Row],[Unit den]],Conversion!$A$2:$B$50,2,0)*Table2[[#This Row],[Freshwater]]) -> 336 | V11: =+VLOOKUP(Table2[[#This Row],[Unit num]]&"/"&Table2[[#This Row],[Unit den]],Conversion!$A$2:$B$50,2,0)*Table2[[#This Row],[Total Water]] -> 336 | W11: =IF(ISNUMBER(FIND("Brine",Table2[[#This Row],[Type]])),1/Table2[[#This Row],[Grade ore Li%]]/5.323,"") -> 268.37712 | X11: =+IF(ISBLANK(Table2[[#This Row],[Brine Water]]),"",Table2[[#This Row],[Brine_m3_tonLCE_GradeOnly]]/Table2[[#This Row],[BrineWater_m3_tonLCE]])
A12: 11 | B12: 1 | D12: Fenix | E12: Salar del Hombre Muerto (Livent) | F12: 37611 | G12: Brine | H12: 0.0007 | I12: 3 | K12: 247 | L12: =+Table2[[#This Row],[Brine Water]]+Table2[[#This Row],[Freshwater]] -> 247 | M12: kg | N12: kg LCE Battery grade | O12: Yes | P12: DLE technology from continental brines | Q12: Freshwater consumption | R12: 3 | S12: =+VLOOKUP(R12,Refs[],2,0) -> Schenker & Pfister (2025) | T12: =IF(ISBLANK(Table2[[#This Row],[Brine Water]]),"",+VLOOKUP(Table2[[#This Row],[Unit num]]&"/"&Table2[[#This Row],[Unit den]],Conversion!$A$2:$B$50,2,0)*Table2[[#This Row],[Brine Water]]) | U12: =IF(ISBLANK(Table2[[#This Row],[Freshwater]]),"",+VLOOKUP(Table2[[#This Row],[Unit num]]&"/"&Table2[[#This Row],[Unit den]],Conversion!$A$2:$B$50,2,0)*Table2[[#This Row],[Freshwater]]) -> 247 | V12: =+VLOOKUP(Table2[[#This Row],[Unit num]]&"/"&Table2[[#This Row],[Unit den]],Conversion!$A$2:$B$50,2,0)*Table2[[#This Row],[Total Water]] -> 247 | W12: =IF(ISNUMBER(FIND("Brine",Table2[[#This Row],[Type]])),1/Table2[[#This Row],[Grade ore Li%]]/5.323,"") -> 268.37712 | X12: =+IF(ISBLANK(Table2[[#This Row],[Brine Water]]),"",Table2[[#This Row],[Brine_m3_tonLCE_GradeOnly]]/Table2[[#This Row],[BrineWater_m3_tonLCE]])
A13: 12 | B13: 1 | D13: Rio Grande | E13: #N/A | F13: 80111 | G13: Brine | H13: 0.0003 | I13: 3 | K13: 261 | L13: =+Table2[[#This Row],[Brine Water]]+Table2[[#This Row],[Freshwater]] -> 261 | M13: kg | N13: kg LCE Battery grade | O13: Yes | P13: DLE technology from continental brines | Q13: Freshwater consumption | R13: 3 | S13: =+VLOOKUP(R13,Refs[],2,0) -> Schenker & Pfister (2025) | T13: =IF(ISBLANK(Table2[[#This Row],[Brine Water]]),"",+VLOOKUP(Table2[[#This Row],[Unit num]]&"/"&Table2[[#This Row],[Unit den]],Conversion!$A$2:$B$50,2,0)*Table2[[#This Row],[Brine Water]]) | U13: =IF(ISBLANK(Table2[[#This Row],[Freshwater]]),"",+VLOOKUP(Table2[[#This Row],[Unit num]]&"/"&Table2[[#This Row],[Unit den]],Conversion!$A$2:$B$50,2,0)*Table2[[#This Row],[Freshwater]]) -> 261 | V13: =+VLOOKUP(Table2[[#This Row],[Unit num]]&"/"&Table2[[#This Row],[Unit den]],Conversion!$A$2:$B$50,2,0)*Table2[[#This Row],[Total Water]] -> 261 | W13: =IF(ISNUMBER(FIND("Brine",Table2[[#This Row],[Type]])),1/Table2[[#This Row],[Grade ore Li%]]/5.323,"") -> 626.21329 | X13: =+IF(ISBLANK(Table2[[#This Row],[Brine Water]]),"",Table2[[#This Row],[Brine_m3_tonLCE_GradeOnly]]/Table2[[#This Row],[BrineWater_m3_tonLCE]])
A14: 13 | B14: 1 | D14: Centenario | E14: Centenario Ratones | F14: 52372 | G14: Brine | H14: 0.0003 | I14: 3 | K14: 265 | L14: =+Table2[[#This Row],[Brine Water]]+Table2[[#This Row],[Freshwater]] -> 265 | M14: kg | N14: kg LCE Battery grade | O14: Yes | P14: DLE technology from continental brines | Q14: Freshwater consumption | R14: 3 | S14: =+VLOOKUP(R14,Refs[],2,0) -> Schenker & Pfister (2025) | T14: =IF(ISBLANK(Table2[[#This Row],[Brine Water]]),"",+VLOOKUP(Table2[[#This Row],[Unit num]]&"/"&Table2[[#This Row],[Unit den]],Conversion!$A$2:$B$50,2,0)*Table2[[#This Row],[Brine Water]]) | U14: =IF(ISBLANK(Table2[[#This Row],[Freshwater]]),"",+VLOOKUP(Table2[[#This Row],[Unit num]]&"/"&Table2[[#This Row],[Unit den]],Conversion!$A$2:$B$50,2,0)*Table2[[#This Row],[Freshwater]]) -> 265 | V14: =+VLOOKUP(Table2[[#This Row],[Unit num]]&"/"&Table2[[#This Row],[Unit den]],Conversion!$A$2:$B$50,2,0)*Table2[[#This Row],[Total Water]] -> 265 | W14: =IF(ISNUMBER(FIND("Brine",Table2[[#This Row],[Type]])),1/Table2[[#This Row],[Grade ore Li%]]/5.323,"") -> 626.21329 | X14: =+IF(ISBLANK(Table2[[#This Row],[Brine Water]]),"",Table2[[#This Row],[Brine_m3_tonLCE_GradeOnly]]/Table2[[#This Row],[BrineWater_m3_tonLCE]])
A15: 14 | B15: 1 | D15: Rincon | E15: Salar del Rincon (Rio Tinto) | F15: 78109 | G15: Brine | H15: 0.0003 | I15: 3 | K15: 269 | L15: =+Table2[[#This Row],[Brine Water]]+Table2[[#This Row],[Freshwater]] -> 269 | M15: kg | N15: kg LCE Battery grade | O15: Yes | P15: DLE technology from continental brines | Q15: Freshwater consumption | R15: 3 | S15: =+VLOOKUP(R15,Refs[],2,0) -> Schenker & Pfister (2025) | T15: =IF(ISBLANK(Table2[[#This Row],[Brine Water]]),"",+VLOOKUP(Table2[[#This Row],[Unit num]]&"/"&Table2[[#This Row],[Unit den]],Conversion!$A$2:$B$50,2,0)*Table2[[#This Row],[Brine Water]]) | U15: =IF(ISBLANK(Table2[[#This Row],[Freshwater]]),"",+VLOOKUP(Table2[[#This Row],[Unit num]]&"/"&Table2[[#This Row],[Unit den]],Conversion!$A$2:$B$50,2,0)*Table2[[#This Row],[Freshwater]]) -> 269 | V15: =+VLOOKUP(Table2[[#This Row],[Unit num]]&"/"&Table2[[#This Row],[Unit den]],Conversion!$A$2:$B$50,2,0)*Table2[[#This Row],[Total Water]] -> 269 | W15: =IF(ISNUMBER(FIND("Brine",Table2[[#This Row],[Type]])),1/Table2[[#This Row],[Grade ore Li%]]/5.323,"") -> 626.21329 | X15: =+IF(ISBLANK(Table2[[#This Row],[Brine Water]]),"",Table2[[#This Row],[Brine_m3_tonLCE_GradeOnly]]/Table2[[#This Row],[BrineWater_m3_tonLCE]])
A16: 15 | B16: 1 | D16: Tolillar | E16: #N/A | F16: 84909 | G16: Brine | H16: 0.0003 | I16: 3 | K16: 269 | L16: =+Table2[[#This Row],[Brine Water]]+Table2[[#This Row],[Freshwater]] -> 269 | M16: kg | N16: kg LCE Battery grade | O16: Yes | P16: DLE technology from continental brines | Q16: Freshwater consumption | R16: 3 | S16: =+VLOOKUP(R16,Refs[],2,0) -> Schenker & Pfister (2025) | T16: =IF(ISBLANK(Table2[[#This Row],[Brine Water]]),"",+VLOOKUP(Table2[[#This Row],[Unit num]]&"/"&Table2[[#This Row],[Unit den]],Conversion!$A$2:$B$50,2,0)*Table2[[#This Row],[Brine Water]]) | U16: =IF(ISBLANK(Table2[[#This Row],[Freshwater]]),"",+VLOOKUP(Table2[[#This Row],[Unit num]]&"/"&Table2[[#This Row],[Unit den]],Conversion!$A$2:$B$50,2,0)*Table2[[#This Row],[Freshwater]]) -> 269 | V16: =+VLOOKUP(Table2[[#This Row],[Unit num]]&"/"&Table2[[#This Row],[Unit den]],Conversion!$A$2:$B$50,2,0)*Table2[[#This Row],[Total Water]] -> 269 | W16: =IF(ISNUMBER(FIND("Brine",Table2[[#This Row],[Type]])),1/Table2[[#This Row],[Grade ore Li%]]/5.323,"") -> 626.21329 | X16: =+IF(ISBLANK(Table2[[#This Row],[Brine Water]]),"",Table2[[#This Row],[Brine_m3_tonLCE_GradeOnly]]/Table2[[#This Row],[BrineWater_m3_tonLCE]])
A17: 16 | B17: 1 | D17: Arizaro | E17: Arizaro | F17: 60483 | G17: Brine | H17: 0.0003 | I17: 3 | K17: 324 | L17: =+Table2[[#This Row],[Brine Water]]+Table2[[#This Row],[Freshwater]] -> 324 | M17: kg | N17: kg LCE Battery grade | O17: Yes | P17: DLE technology from continental brines | Q17: Freshwater consumption | R17: 3 | S17: =+VLOOKUP(R17,Refs[],2,0) -> Schenker & Pfister (2025) | T17: =IF(ISBLANK(Table2[[#This Row],[Brine Water]]),"",+VLOOKUP(Table2[[#This Row],[Unit num]]&"/"&Table2[[#This Row],[Unit den]],Conversion!$A$2:$B$50,2,0)*Table2[[#This Row],[Brine Water]]) | U17: =IF(ISBLANK(Table2[[#This Row],[Freshwater]]),"",+VLOOKUP(Table2[[#This Row],[Unit num]]&"/"&Table2[[#This Row],[Unit den]],Conversion!$A$2:$B$50,2,0)*Table2[[#This Row],[Freshwater]]) -> 324 | V17: =+VLOOKUP(Table2[[#This Row],[Unit num]]&"/"&Table2[[#This Row],[Unit den]],Conversion!$A$2:$B$50,2,0)*Table2[[#This Row],[Total Water]] -> 324 | W17: =IF(ISNUMBER(FIND("Brine",Table2[[#This Row],[Type]])),1/Table2[[#This Row],[Grade ore Li%]]/5.323,"") -> 626.21329 | X17: =+IF(ISBLANK(Table2[[#This Row],[Brine Water]]),"",Table2[[#This Row],[Brine_m3_tonLCE_GradeOnly]]/Table2[[#This Row],[BrineWater_m3_tonLCE]])
A18: 17 | B18: 1 | D18: Antofalla | E18: #N/A | F18: 92966 | G18: Brine | H18: 0.0003 | I18: 3 | K18: 252 | L18: =+Table2[[#This Row],[Brine Water]]+Table2[[#This Row],[Freshwater]] -> 252 | M18: kg | N18: kg LCE Battery grade | O18: Yes | P18: DLE technology from continental brines | Q18: Freshwater consumption | R18: 3 | S18: =+VLOOKUP(R18,Refs[],2,0) -> Schenker & Pfister (2025) | T18: =IF(ISBLANK(Table2[[#This Row],[Brine Water]]),"",+VLOOKUP(Table2[[#This Row],[Unit num]]&"/"&Table2[[#This Row],[Unit den]],Conversion!$A$2:$B$50,2,0)*Table2[[#This Row],[Brine Water]]) | U18: =IF(ISBLANK(Table2[[#This Row],[Freshwater]]),"",+VLOOKUP(Table2[[#This Row],[Unit num]]&"/"&Table2[[#This Row],[Unit den]],Conversion!$A$2:$B$50,2,0)*Table2[[#This Row],[Freshwater]]) -> 252 | V18: =+VLOOKUP(Table2[[#This Row],[Unit num]]&"/"&Table2[[#This Row],[Unit den]],Conversion!$A$2:$B$50,2,0)*Table2[[#This Row],[Total Water]] -> 252 | W18: =IF(ISNUMBER(FIND("Brine",Table2[[#This Row],[Type]])),1/Table2[[#This Row],[Grade ore Li%]]/5.323,"") -> 626.21329 | X18: =+IF(ISBLANK(Table2[[#This Row],[Brine Water]]),"",Table2[[#This Row],[Brine_m3_tonLCE_GradeOnly]]/Table2[[#This Row],[BrineWater_m3_tonLCE]])
A19: 18 | B19: 1 | D19: Salinas Grandes | E19: #N/A | F19: 38323 | G19: Brine | H19: 0.0002 | I19: 3 | K19: 272 | L19: =+Table2[[#This Row],[Brine Water]]+Table2[[#This Row],[Freshwater]] -> 272 | M19: kg | N19: kg LCE Battery grade | O19: Yes | P19: DLE technology from continental brines | Q19: Freshwater consumption | R19: 3 | S19: =+VLOOKUP(R19,Refs[],2,0) -> Schenker & Pfister (2025) | T19: =IF(ISBLANK(Table2[[#This Row],[Brine Water]]),"",+VLOOKUP(Table2[[#This Row],[Unit num]]&"/"&Table2[[#This Row],[Unit den]],Conversion!$A$2:$B$50,2,0)*Table2[[#This Row],[Brine Water]]) | U19: =IF(ISBLANK(Table2[[#This Row],[Freshwater]]),"",+VLOOKUP(Table2[[#This Row],[Unit num]]&"/"&Table2[[#This Row],[Unit den]],Conversion!$A$2:$B$50,2,0)*Table2[[#This Row],[Freshwater]]) -> 272 | V19: =+VLOOKUP(Table2[[#This Row],[Unit num]]&"/"&Table2[[#This Row],[Unit den]],Conversion!$A$2:$B$50,2,0)*Table2[[#This Row],[Total Water]] -> 272 | W19: =IF(ISNUMBER(FIND("Brine",Table2[[#This Row],[Type]])),1/Table2[[#This Row],[Grade ore Li%]]/5.323,"") -> 939.31993 | X19: =+IF(ISBLANK(Table2[[#This Row],[Brine Water]]),"",Table2[[#This Row],[Brine_m3_tonLCE_GradeOnly]]/Table2[[#This Row],[BrineWater_m3_tonLCE]])
A20: 19 | B20: 1 | D20: Kachi | E20: Kachi | F20: 78657 | G20: Brine | H20: 0.0002 | I20: 3 | K20: 304 | L20: =+Table2[[#This Row],[Brine Water]]+Table2[[#This Row],[Freshwater]] -> 304 | M20: kg | N20: kg LCE Battery grade | O20: Yes | P20: DLE technology from continental brines | Q20: Freshwater consumption | R20: 3 | S20: =+VLOOKUP(R20,Refs[],2,0) -> Schenker & Pfister (2025) | T20: =IF(ISBLANK(Table2[[#This Row],[Brine Water]]),"",+VLOOKUP(Table2[[#This Row],[Unit num]]&"/"&Table2[[#This Row],[Unit den]],Conversion!$A$2:$B$50,2,0)*Table2[[#This Row],[Brine Water]]) | U20: =IF(ISBLANK(Table2[[#This Row],[Freshwater]]),"",+VLOOKUP(Table2[[#This Row],[Unit num]]&"/"&Table2[[#This Row],[Unit den]],Conversion!$A$2:$B$50,2,0)*Table2[[#This Row],[Freshwater]]) -> 304 | V20: =+VLOOKUP(Table2[[#This Row],[Unit num]]&"/"&Table2[[#This Row],[Unit den]],Conversion!$A$2:$B$50,2,0)*Table2[[#This Row],[Total Water]] -> 304 | W20: =IF(ISNUMBER(FIND("Brine",Table2[[#This Row],[Type]])),1/Table2[[#This Row],[Grade ore Li%]]/5.323,"") -> 939.31993 | X20: =+IF(ISBLANK(Table2[[#This Row],[Brine Water]]),"",Table2[[#This Row],[Brine_m3_tonLCE_GradeOnly]]/Table2[[#This Row],[BrineWater_m3_tonLCE]])
A21: 20 | B21: 1 | D21: Los Angeles | E21: Diablillios/Sal de Los Angeles | F21: 37628 | G21: Brine | H21: 0.0002 | I21: 3 | K21: 281 | L21: =+Table2[[#This Row],[Brine Water]]+Table2[[#This Row],[Freshwater]] -> 281 | M21: kg | N21: kg LCE Battery grade | O21: Yes | P21: DLE technology from continental brines | Q21: Freshwater consumption | R21: 3 | S21: =+VLOOKUP(R21,Refs[],2,0) -> Schenker & Pfister (2025) | T21: =IF(ISBLANK(Table2[[#This Row],[Brine Water]]),"",+VLOOKUP(Table2[[#This Row],[Unit num]]&"/"&Table2[[#This Row],[Unit den]],Conversion!$A$2:$B$50,2,0)*Table2[[#This Row],[Brine Water]]) | U21: =IF(ISBLANK(Table2[[#This Row],[Freshwater]]),"",+VLOOKUP(Table2[[#This Row],[Unit num]]&"/"&Table2[[#This Row],[Unit den]],Conversion!$A$2:$B$50,2,0)*Table2[[#This Row],[Freshwater]]) -> 281 | V21: =+VLOOKUP(Table2[[#This Row],[Unit num]]&"/"&Table2[[#This Row],[Unit den]],Conversion!$A$2:$B$50,2,0)*Table2[[#This Row],[Total Water]] -> 281 | W21: =IF(ISNUMBER(FIND("Brine",Table2[[#This Row],[Type]])),1/Table2[[#This Row],[Grade ore Li%]]/5.323,"") -> 939.31993 | X21: =+IF(ISBLANK(Table2[[#This Row],[Brine Water]]),"",Table2[[#This Row],[Brine_m3_tonLCE_GradeOnly]]/Table2[[#This Row],[BrineWater_m3_tonLCE]])
A22: 21 | B22: 1 | D22: Pozuelos | E22: Pozuelos-Pastos Grandes (Pluspetrol) | F22: 77807 | G22: Brine | H22: 0.0002 | I22: 3 | K22: 328 | L22: =+Table2[[#This Row],[Brine Water]]+Table2[[#This Row],[Freshwater]] -> 328 | M22: kg | N22: kg LCE Battery grade | O22: Yes | P22: DLE technology from continental brines | Q22: Freshwater consumption | R22: 3 | S22: =+VLOOKUP(R22,Refs[],2,0) -> Schenker & Pfister (2025) | T22: =IF(ISBLANK(Table2[[#This Row],[Brine Water]]),"",+VLOOKUP(Table2[[#This Row],[Unit num]]&"/"&Table2[[#This Row],[Unit den]],Conversion!$A$2:$B$50,2,0)*Table2[[#This Row],[Brine Water]]) | U22: =IF(ISBLANK(Table2[[#This Row],[Freshwater]]),"",+VLOOKUP(Table2[[#This Row],[Unit num]]&"/"&Table2[[#This Row],[Unit den]],Conversion!$A$2:$B$50,2,0)*Table2[[#This Row],[Freshwater]]) -> 328 | V22: =+VLOOKUP(Table2[[#This Row],[Unit num]]&"/"&Table2[[#This Row],[Unit den]],Conversion!$A$2:$B$50,2,0)*Table2[[#This Row],[Total Water]] -> 328 | W22: =IF(ISNUMBER(FIND("Brine",Table2[[#This Row],[Type]])),1/Table2[[#This Row],[Grade ore Li%]]/5.323,"") -> 939.31993 | X22: =+IF(ISBLANK(Table2[[#This Row],[Brine Water]]),"",Table2[[#This Row],[Brine_m3_tonLCE_GradeOnly]]/Table2[[#This Row],[BrineWater_m3_tonLCE]])
A23: 22 | B23: 1 | D23: Chaerhan | E23: #N/A | F23: 38549 | G23: Brine | H23: 0.0002 | I23: 3 | K23: 212 | L23: =+Table2[[#This Row],[Brine Water]]+Table2[[#This Row],[Freshwater]] -> 212 | M23: kg | N23: kg LCE Battery grade | O23: Yes | P23: DLE technology from continental brines | Q23: Freshwater consumption | R23: 3 | S23: =+VLOOKUP(R23,Refs[],2,0) -> Schenker & Pfister (2025) | T23: =IF(ISBLANK(Table2[[#This Row],[Brine Water]]),"",+VLOOKUP(Table2[[#This Row],[Unit num]]&"/"&Table2[[#This Row],[Unit den]],Conversion!$A$2:$B$50,2,0)*Table2[[#This Row],[Brine Water]]) | U23: =IF(ISBLANK(Table2[[#This Row],[Freshwater]]),"",+VLOOKUP(Table2[[#This Row],[Unit num]]&"/"&Table2[[#This Row],[Unit den]],Conversion!$A$2:$B$50,2,0)*Table2[[#This Row],[Freshwater]]) -> 212 | V23: =+VLOOKUP(Table2[[#This Row],[Unit num]]&"/"&Table2[[#This Row],[Unit den]],Conversion!$A$2:$B$50,2,0)*Table2[[#This Row],[Total Water]] -> 212 | W23: =IF(ISNUMBER(FIND("Brine",Table2[[#This Row],[Type]])),1/Table2[[#This Row],[Grade ore Li%]]/5.323,"") -> 939.31993 | X23: =+IF(ISBLANK(Table2[[#This Row],[Brine Water]]),"",Table2[[#This Row],[Brine_m3_tonLCE_GradeOnly]]/Table2[[#This Row],[BrineWater_m3_tonLCE]])
A24: 23 | B24: 1 | D24: Qinghai Yiliping | E24: Qaidam Basin (All Projects) | F24: 88897 | G24: Brine | H24: 0.0002 | I24: 3 | K24: 212 | L24: =+Table2[[#This Row],[Brine Water]]+Table2[[#This Row],[Freshwater]] -> 212 | M24: kg | N24: kg LCE Battery grade | O24: Yes | P24: DLE technology from continental brines | Q24: Freshwater consumption | R24: 3 | S24: =+VLOOKUP(R24,Refs[],2,0) -> Schenker & Pfister (2025) | T24: =IF(ISBLANK(Table2[[#This Row],[Brine Water]]),"",+VLOOKUP(Table2[[#This Row],[Unit num]]&"/"&Table2[[#This Row],[Unit den]],Conversion!$A$2:$B$50,2,0)*Table2[[#This Row],[Brine Water]]) | U24: =IF(ISBLANK(Table2[[#This Row],[Freshwater]]),"",+VLOOKUP(Table2[[#This Row],[Unit num]]&"/"&Table2[[#This Row],[Unit den]],Conversion!$A$2:$B$50,2,0)*Table2[[#This Row],[Freshwater]]) -> 212 | V24: =+VLOOKUP(Table2[[#This Row],[Unit num]]&"/"&Table2[[#This Row],[Unit den]],Conversion!$A$2:$B$50,2,0)*Table2[[#This Row],[Total Water]] -> 212 | W24: =IF(ISNUMBER(FIND("Brine",Table2[[#This Row],[Type]])),1/Table2[[#This Row],[Grade ore Li%]]/5.323,"") -> 939.31993 | X24: =+IF(ISBLANK(Table2[[#This Row],[Brine Water]]),"",Table2[[#This Row],[Brine_m3_tonLCE_GradeOnly]]/Table2[[#This Row],[BrineWater_m3_tonLCE]])
A25: 26 | B25: 1 | D25: Atacama | E25: Salar de Atacama (SQM) | F25: 37384 | G25: Brine | H25: 0.0019 | I25: 4 | K25: 39131 | L25: =+Table2[[#This Row],[Brine Water]]+Table2[[#This Row],[Freshwater]] -> 39131 | M25: liters | N25: ton LCE | O25: No | P25: Brine + Chemical plant | Q25: Ground+Surface water. LCA based | R25: 4 | S25: =+VLOOKUP(R25,Refs[],2,0) -> Lagos et al. (2024) | T25: =IF(ISBLANK(Table2[[#This Row],[Brine Water]]),"",+VLOOKUP(Table2[[#This Row],[Unit num]]&"/"&Table2[[#This Row],[Unit den]],Conversion!$A$2:$B$50,2,0)*Table2[[#This Row],[Brine Water]]) | U25: =IF(ISBLANK(Table2[[#This Row],[Freshwater]]),"",+VLOOKUP(Table2[[#This Row],[Unit num]]&"/"&Table2[[#This Row],[Unit den]],Conversion!$A$2:$B$50,2,0)*Table2[[#This Row],[Freshwater]]) -> 39.131 | V25: =+VLOOKUP(Table2[[#This Row],[Unit num]]&"/"&Table2[[#This Row],[Unit den]],Conversion!$A$2:$B$50,2,0)*Table2[[#This Row],[Total Water]] -> 39.131 | W25: =IF(ISNUMBER(FIND("Brine",Table2[[#This Row],[Type]])),1/Table2[[#This Row],[Grade ore Li%]]/5.323,"") -> 98.875782 | X25: =+IF(ISBLANK(Table2[[#This Row],[Brine Water]]),"",Table2[[#This Row],[Brine_m3_tonLCE_GradeOnly]]/Table2[[#This Row],[BrineWater_m3_tonLCE]])
A26: 27 | B26: 1 | D26: Qarhan | E26: Qaidam Basin (All Projects) | F26: 85124 | G26: Brine | H26: =+(0.006%+0.025%)/2 -> 0.000155 | I26: 5 | K26: 617.1 | L26: =+Table2[[#This Row],[Brine Water]]+Table2[[#This Row],[Freshwater]] -> 617.1 | M26: m3 | N26: ton LCE | O26: Yes | P26: Adsorption+Membrane | R26: 5 | S26: =+VLOOKUP(R26,Refs[],2,0) -> Feng et al. (2025) | T26: =IF(ISBLANK(Table2[[#This Row],[Brine Water]]),"",+VLOOKUP(Table2[[#This Row],[Unit num]]&"/"&Table2[[#This Row],[Unit den]],Conversion!$A$2:$B$50,2,0)*Table2[[#This Row],[Brine Water]]) | U26: =IF(ISBLANK(Table2[[#This Row],[Freshwater]]),"",+VLOOKUP(Table2[[#This Row],[Unit num]]&"/"&Table2[[#This Row],[Unit den]],Conversion!$A$2:$B$50,2,0)*Table2[[#This Row],[Freshwater]]) -> 617.1 | V26: =+VLOOKUP(Table2[[#This Row],[Unit num]]&"/"&Table2[[#This Row],[Unit den]],Conversion!$A$2:$B$50,2,0)*Table2[[#This Row],[Total Water]] -> 617.1 | W26: =IF(ISNUMBER(FIND("Brine",Table2[[#This Row],[Type]])),1/Table2[[#This Row],[Grade ore Li%]]/5.323,"") -> 1212.0257 | X26: =+IF(ISBLANK(Table2[[#This Row],[Brine Water]]),"",Table2[[#This Row],[Brine_m3_tonLCE_GradeOnly]]/Table2[[#This Row],[BrineWater_m3_tonLCE]])
A27: 28 | B27: 1 | D27: Silver Peak | E27: Silver Peak | F27: 37600 | G27: Brine | H27: =+(0.006%+0.16%)/2 -> 0.00083 | I27: 5 | K27: 496.53 | L27: =+Table2[[#This Row],[Brine Water]]+Table2[[#This Row],[Freshwater]] -> 496.53 | M27: m3 | N27: ton LCE | O27: No | P27: Precipitation | R27: 5 | S27: =+VLOOKUP(R27,Refs[],2,0) -> Feng et al. (2025) | T27: =IF(ISBLANK(Table2[[#This Row],[Brine Water]]),"",+VLOOKUP(Table2[[#This Row],[Unit num]]&"/"&Table2[[#This Row],[Unit den]],Conversion!$A$2:$B$50,2,0)*Table2[[#This Row],[Brine Water]]) | U27: =IF(ISBLANK(Table2[[#This Row],[Freshwater]]),"",+VLOOKUP(Table2[[#This Row],[Unit num]]&"/"&Table2[[#This Row],[Unit den]],Conversion!$A$2:$B$50,2,0)*Table2[[#This Row],[Freshwater]]) -> 496.53 | V27: =+VLOOKUP(Table2[[#This Row],[Unit num]]&"/"&Table2[[#This Row],[Unit den]],Conversion!$A$2:$B$50,2,0)*Table2[[#This Row],[Total Water]] -> 496.53 | W27: =IF(ISNUMBER(FIND("Brine",Table2[[#This Row],[Type]])),1/Table2[[#This Row],[Grade ore Li%]]/5.323,"") -> 226.34215 | X27: =+IF(ISBLANK(Table2[[#This Row],[Brine Water]]),"",Table2[[#This Row],[Brine_m3_tonLCE_GradeOnly]]/Table2[[#This Row],[BrineWater_m3_tonLCE]])
A28: 29 | B28: 1 | D28: Olaroz | E28: Salar de Olaroz (Allkem) | F28: 37059 | G28: Brine | H28: =+(0.006%+0.16%)/2 -> 0.00083 | I28: 5 | K28: 271.06 | L28: =+Table2[[#This Row],[Brine Water]]+Table2[[#This Row],[Freshwater]] -> 271.06 | M28: m3 | N28: ton LCE | O28: No | P28: Precipitation | R28: 5 | S28: =+VLOOKUP(R28,Refs[],2,0) -> Feng et al. (2025) | T28: =IF(ISBLANK(Table2[[#This Row],[Brine Water]]),"",+VLOOKUP(Table2[[#This Row],[Unit num]]&"/"&Table2[[#This Row],[Unit den]],Conversion!$A$2:$B$50,2,0)*Table2[[#This Row],[Brine Water]]) | U28: =IF(ISBLANK(Table2[[#This Row],[Freshwater]]),"",+VLOOKUP(Table2[[#This Row],[Unit num]]&"/"&Table2[[#This Row],[Unit den]],Conversion!$A$2:$B$50,2,0)*Table2[[#This Row],[Freshwater]]) -> 271.06 | V28: =+VLOOKUP(Table2[[#This Row],[Unit num]]&"/"&Table2[[#This Row],[Unit den]],Conversion!$A$2:$B$50,2,0)*Table2[[#This Row],[Total Water]] -> 271.06 | W28: =IF(ISNUMBER(FIND("Brine",Table2[[#This Row],[Type]])),1/Table2[[#This Row],[Grade ore Li%]]/5.323,"") -> 226.34215 | X28: =+IF(ISBLANK(Table2[[#This Row],[Brine Water]]),"",Table2[[#This Row],[Brine_m3_tonLCE_GradeOnly]]/Table2[[#This Row],[BrineWater_m3_tonLCE]])
A29: 30 | B29: 1 | D29: Cauchari-Olaroz | E29: #N/A | F29: 37624 | G29: Brine | H29: =+(0.006%+0.16%)/2 -> 0.00083 | I29: 5 | K29: 134.33 | L29: =+Table2[[#This Row],[Brine Water]]+Table2[[#This Row],[Freshwater]] -> 134.33 | M29: m3 | N29: ton LCE | O29: No | P29: Precipitation | R29: 5 | S29: =+VLOOKUP(R29,Refs[],2,0) -> Feng et al. (2025) | T29: =IF(ISBLANK(Table2[[#This Row],[Brine Water]]),"",+VLOOKUP(Table2[[#This Row],[Unit num]]&"/"&Table2[[#This Row],[Unit den]],Conversion!$A$2:$B$50,2,0)*Table2[[#This Row],[Brine Water]]) | U29: =IF(ISBLANK(Table2[[#This Row],[Freshwater]]),"",+VLOOKUP(Table2[[#This Row],[Unit num]]&"/"&Table2[[#This Row],[Unit den]],Conversion!$A$2:$B$50,2,0)*Table2[[#This Row],[Freshwater]]) -> 134.33 | V29: =+VLOOKUP(Table2[[#This Row],[Unit num]]&"/"&Table2[[#This Row],[Unit den]],Conversion!$A$2:$B$50,2,0)*Table2[[#This Row],[Total Water]] -> 134.33 | W29: =IF(ISNUMBER(FIND("Brine",Table2[[#This Row],[Type]])),1/Table2[[#This Row],[Grade ore Li%]]/5.323,"") -> 226.34215 | X29: =+IF(ISBLANK(Table2[[#This Row],[Brine Water]]),"",Table2[[#This Row],[Brine_m3_tonLCE_GradeOnly]]/Table2[[#This Row],[BrineWater_m3_tonLCE]])
A30: 31 | B30: 1 | D30: Da Qaidam | E30: Qaidam Basin (All Projects) | F30: #N/A | G30: Brine | H30: 0.00024 | I30: 5 | K30: 113.15 | L30: =+Table2[[#This Row],[Brine Water]]+Table2[[#This Row],[Freshwater]] -> 113.15 | M30: m3 | N30: ton LCE | O30: Yes | P30: Solvent extraction | R30: 5 | S30: =+VLOOKUP(R30,Refs[],2,0) -> Feng et al. (2025) | T30: =IF(ISBLANK(Table2[[#This Row],[Brine Water]]),"",+VLOOKUP(Table2[[#This Row],[Unit num]]&"/"&Table2[[#This Row],[Unit den]],Conversion!$A$2:$B$50,2,0)*Table2[[#This Row],[Brine Water]]) | U30: =IF(ISBLANK(Table2[[#This Row],[Freshwater]]),"",+VLOOKUP(Table2[[#This Row],[Unit num]]&"/"&Table2[[#This Row],[Unit den]],Conversion!$A$2:$B$50,2,0)*Table2[[#This Row],[Freshwater]]) -> 113.15 | V30: =+VLOOKUP(Table2[[#This Row],[Unit num]]&"/"&Table2[[#This Row],[Unit den]],Conversion!$A$2:$B$50,2,0)*Table2[[#This Row],[Total Water]] -> 113.15 | W30: =IF(ISNUMBER(FIND("Brine",Table2[[#This Row],[Type]])),1/Table2[[#This Row],[Grade ore Li%]]/5.323,"") -> 782.76661 | X30: =+IF(ISBLANK(Table2[[#This Row],[Brine Water]]),"",Table2[[#This Row],[Brine_m3_tonLCE_GradeOnly]]/Table2[[#This Row],[BrineWater_m3_tonLCE]])
A31: 32 | B31: 1 | D31: Hombre Muerto | E31: Salar del Hombre Muerto (POSCO) | F31: 90185 | G31: Brine | H31: 0.0006 | I31: 5 | K31: 112.12 | L31: =+Table2[[#This Row],[Brine Water]]+Table2[[#This Row],[Freshwater]] -> 112.12 | M31: m3 | N31: ton LCE | O31: Yes | P31: Adsorption+Precipitation | R31: 5 | S31: =+VLOOKUP(R31,Refs[],2,0) -> Feng et al. (2025) | T31: =IF(ISBLANK(Table2[[#This Row],[Brine Water]]),"",+VLOOKUP(Table2[[#This Row],[Unit num]]&"/"&Table2[[#This Row],[Unit den]],Conversion!$A$2:$B$50,2,0)*Table2[[#This Row],[Brine Water]]) | U31: =IF(ISBLANK(Table2[[#This Row],[Freshwater]]),"",+VLOOKUP(Table2[[#This Row],[Unit num]]&"/"&Table2[[#This Row],[Unit den]],Conversion!$A$2:$B$50,2,0)*Table2[[#This Row],[Freshwater]]) -> 112.12 | V31: =+VLOOKUP(Table2[[#This Row],[Unit num]]&"/"&Table2[[#This Row],[Unit den]],Conversion!$A$2:$B$50,2,0)*Table2[[#This Row],[Total Water]] -> 112.12 | W31: =IF(ISNUMBER(FIND("Brine",Table2[[#This Row],[Type]])),1/Table2[[#This Row],[Grade ore Li%]]/5.323,"") -> 313.10664 | X31: =+IF(ISBLANK(Table2[[#This Row],[Brine Water]]),"",Table2[[#This Row],[Brine_m3_tonLCE_GradeOnly]]/Table2[[#This Row],[BrineWater_m3_tonLCE]])
A32: 33 | B32: 1 | D32: Yiliping | E32: Qaidam Basin (All Projects) | F32: 88897 | G32: Brine | H32: 0.00015 | I32: 5 | K32: 93.63 | L32: =+Table2[[#This Row],[Brine Water]]+Table2[[#This Row],[Freshwater]] -> 93.63 | M32: m3 | N32: ton LCE | O32: Yes | P32: Membrane | R32: 5 | S32: =+VLOOKUP(R32,Refs[],2,0) -> Feng et al. (2025) | T32: =IF(ISBLANK(Table2[[#This Row],[Brine Water]]),"",+VLOOKUP(Table2[[#This Row],[Unit num]]&"/"&Table2[[#This Row],[Unit den]],Conversion!$A$2:$B$50,2,0)*Table2[[#This Row],[Brine Water]]) | U32: =IF(ISBLANK(Table2[[#This Row],[Freshwater]]),"",+VLOOKUP(Table2[[#This Row],[Unit num]]&"/"&Table2[[#This Row],[Unit den]],Conversion!$A$2:$B$50,2,0)*Table2[[#This Row],[Freshwater]]) -> 93.63 | V32: =+VLOOKUP(Table2[[#This Row],[Unit num]]&"/"&Table2[[#This Row],[Unit den]],Conversion!$A$2:$B$50,2,0)*Table2[[#This Row],[Total Water]] -> 93.63 | W32: =IF(ISNUMBER(FIND("Brine",Table2[[#This Row],[Type]])),1/Table2[[#This Row],[Grade ore Li%]]/5.323,"") -> 1252.4266 | X32: =+IF(ISBLANK(Table2[[#This Row],[Brine Water]]),"",Table2[[#This Row],[Brine_m3_tonLCE_GradeOnly]]/Table2[[#This Row],[BrineWater_m3_tonLCE]])
A33: 34 | B33: 1 | D33: Barunma Sea | E33: #N/A | F33: #N/A | G33: Brine | H33: =+(0.006%+0.025%)/2 -> 0.000155 | I33: 5 | K33: 68.37 | L33: =+Table2[[#This Row],[Brine Water]]+Table2[[#This Row],[Freshwater]] -> 68.37 | M33: m3 | N33: ton LCE | O33: Yes | P33: Adsorption+Membrane | R33: 5 | S33: =+VLOOKUP(R33,Refs[],2,0) -> Feng et al. (2025) | T33: =IF(ISBLANK(Table2[[#This Row],[Brine Water]]),"",+VLOOKUP(Table2[[#This Row],[Unit num]]&"/"&Table2[[#This Row],[Unit den]],Conversion!$A$2:$B$50,2,0)*Table2[[#This Row],[Brine Water]]) | U33: =IF(ISBLANK(Table2[[#This Row],[Freshwater]]),"",+VLOOKUP(Table2[[#This Row],[Unit num]]&"/"&Table2[[#This Row],[Unit den]],Conversion!$A$2:$B$50,2,0)*Table2[[#This Row],[Freshwater]]) -> 68.37 | V33: =+VLOOKUP(Table2[[#This Row],[Unit num]]&"/"&Table2[[#This Row],[Unit den]],Conversion!$A$2:$B$50,2,0)*Table2[[#This Row],[Total Water]] -> 68.37 | W33: =IF(ISNUMBER(FIND("Brine",Table2[[#This Row],[Type]])),1/Table2[[#This Row],[Grade ore Li%]]/5.323,"") -> 1212.0257 | X33: =+IF(ISBLANK(Table2[[#This Row],[Brine Water]]),"",Table2[[#This Row],[Brine_m3_tonLCE_GradeOnly]]/Table2[[#This Row],[BrineWater_m3_tonLCE]])
A34: 35 | B34: 1 | D34: Atacama | E34: Salar de Atacama (SQM) | F34: 37384 | G34: Brine | H34: =+(0.006%+0.16%)/2 -> 0.00083 | I34: 5 | K34: 58.04 | L34: =+Table2[[#This Row],[Brine Water]]+Table2[[#This Row],[Freshwater]] -> 58.04 | M34: m3 | N34: ton LCE | O34: No | P34: Precipitation | R34: 5 | S34: =+VLOOKUP(R34,Refs[],2,0) -> Feng et al. (2025) | T34: =IF(ISBLANK(Table2[[#This Row],[Brine Water]]),"",+VLOOKUP(Table2[[#This Row],[Unit num]]&"/"&Table2[[#This Row],[Unit den]],Conversion!$A$2:$B$50,2,0)*Table2[[#This Row],[Brine Water]]) | U34: =IF(ISBLANK(Table2[[#This Row],[Freshwater]]),"",+VLOOKUP(Table2[[#This Row],[Unit num]]&"/"&Table2[[#This Row],[Unit den]],Conversion!$A$2:$B$50,2,0)*Table2[[#This Row],[Freshwater]]) -> 58.04 | V34: =+VLOOKUP(Table2[[#This Row],[Unit num]]&"/"&Table2[[#This Row],[Unit den]],Conversion!$A$2:$B$50,2,0)*Table2[[#This Row],[Total Water]] -> 58.04 | W34: =IF(ISNUMBER(FIND("Brine",Table2[[#This Row],[Type]])),1/Table2[[#This Row],[Grade ore Li%]]/5.323,"") -> 226.34215 | X34: =+IF(ISBLANK(Table2[[#This Row],[Brine Water]]),"",Table2[[#This Row],[Brine_m3_tonLCE_GradeOnly]]/Table2[[#This Row],[BrineWater_m3_tonLCE]])
A35: 36 | B35: 1 | D35: West Tajinar | E35: #N/A | F35: 38542 | G35: Brine | H35: 0.00021 | I35: 5 | K35: 54.93 | L35: =+Table2[[#This Row],[Brine Water]]+Table2[[#This Row],[Freshwater]] -> 54.93 | M35: m3 | N35: ton LCE | O35: No | P35: Calcination | R35: 5 | S35: =+VLOOKUP(R35,Refs[],2,0) -> Feng et al. (2025) | T35: =IF(ISBLANK(Table2[[#This Row],[Brine Water]]),"",+VLOOKUP(Table2[[#This Row],[Unit num]]&"/"&Table2[[#This Row],[Unit den]],Conversion!$A$2:$B$50,2,0)*Table2[[#This Row],[Brine Water]]) | U35: =IF(ISBLANK(Table2[[#This Row],[Freshwater]]),"",+VLOOKUP(Table2[[#This Row],[Unit num]]&"/"&Table2[[#This Row],[Unit den]],Conversion!$A$2:$B$50,2,0)*Table2[[#This Row],[Freshwater]]) -> 54.93 | V35: =+VLOOKUP(Table2[[#This Row],[Unit num]]&"/"&Table2[[#This Row],[Unit den]],Conversion!$A$2:$B$50,2,0)*Table2[[#This Row],[Total Water]] -> 54.93 | W35: =IF(ISNUMBER(FIND("Brine",Table2[[#This Row],[Type]])),1/Table2[[#This Row],[Grade ore Li%]]/5.323,"") -> 894.59041 | X35: =+IF(ISBLANK(Table2[[#This Row],[Brine Water]]),"",Table2[[#This Row],[Brine_m3_tonLCE_GradeOnly]]/Table2[[#This Row],[BrineWater_m3_tonLCE]])
A36: 37 | B36: 1 | D36: East Tajinar | E36: #N/A | F36: 38543 | G36: Brine | H36: 0.00085 | I36: 5 | K36: 34.1 | L36: =+Table2[[#This Row],[Brine Water]]+Table2[[#This Row],[Freshwater]] -> 34.1 | M36: m3 | N36: ton LCE | O36: Yes | P36: Electrodialysis | R36: 5 | S36: =+VLOOKUP(R36,Refs[],2,0) -> Feng et al. (2025) | T36: =IF(ISBLANK(Table2[[#This Row],[Brine Water]]),"",+VLOOKUP(Table2[[#This Row],[Unit num]]&"/"&Table2[[#This Row],[Unit den]],Conversion!$A$2:$B$50,2,0)*Table2[[#This Row],[Brine Water]]) | U36: =IF(ISBLANK(Table2[[#This Row],[Freshwater]]),"",+VLOOKUP(Table2[[#This Row],[Unit num]]&"/"&Table2[[#This Row],[Unit den]],Conversion!$A$2:$B$50,2,0)*Table2[[#This Row],[Freshwater]]) -> 34.1 | V36: =+VLOOKUP(Table2[[#This Row],[Unit num]]&"/"&Table2[[#This Row],[Unit den]],Conversion!$A$2:$B$50,2,0)*Table2[[#This Row],[Total Water]] -> 34.1 | W36: =IF(ISNUMBER(FIND("Brine",Table2[[#This Row],[Type]])),1/Table2[[#This Row],[Grade ore Li%]]/5.323,"") -> 221.01645 | X36: =+IF(ISBLANK(Table2[[#This Row],[Brine Water]]),"",Table2[[#This Row],[Brine_m3_tonLCE_GradeOnly]]/Table2[[#This Row],[BrineWater_m3_tonLCE]])
A37: 51 | B37: 1 | D37: Olaroz | E37: Salar de Olaroz (Allkem) | F37: 37059 | G37: Brine | H37: =630/1000000 -> 0.00063 | I37: Li Article | J37: 537.4 | K37: 51 | L37: =+Table2[[#This Row],[Brine Water]]+Table2[[#This Row],[Freshwater]] -> 588.4 | M37: m3 | N37: ton LCE Battery Grade | O37: No | R37: 10 | S37: =+VLOOKUP(R37,Refs[],2,0) -> Paz et al. (2025) | T37: =IF(ISBLANK(Table2[[#This Row],[Brine Water]]),"",+VLOOKUP(Table2[[#This Row],[Unit num]]&"/"&Table2[[#This Row],[Unit den]],Conversion!$A$2:$B$50,2,0)*Table2[[#This Row],[Brine Water]]) -> 537.4 | U37: =IF(ISBLANK(Table2[[#This Row],[Freshwater]]),"",+VLOOKUP(Table2[[#This Row],[Unit num]]&"/"&Table2[[#This Row],[Unit den]],Conversion!$A$2:$B$50,2,0)*Table2[[#This Row],[Freshwater]]) -> 51 | V37: =+VLOOKUP(Table2[[#This Row],[Unit num]]&"/"&Table2[[#This Row],[Unit den]],Conversion!$A$2:$B$50,2,0)*Table2[[#This Row],[Total Water]] -> 588.4 | W37: =IF(ISNUMBER(FIND("Brine",Table2[[#This Row],[Type]])),1/Table2[[#This Row],[Grade ore Li%]]/5.323,"") -> 298.1968 | X37: =+IF(ISBLANK(Table2[[#This Row],[Brine Water]]),"",Table2[[#This Row],[Brine_m3_tonLCE_GradeOnly]]/Table2[[#This Row],[BrineWater_m3_tonLCE]]) -> 0.55488799
A38: 52 | B38: 1 | D38: Fenix | E38: Salar del Hombre Muerto (Livent) | F38: 37611 | G38: Brine | H38: =523/1000000 -> 0.000523 | I38: Li Article | J38: 319.6 | K38: 135.5 | L38: =+Table2[[#This Row],[Brine Water]]+Table2[[#This Row],[Freshwater]] -> 455.1 | M38: m3 | N38: ton LCE Battery Grade | O38: No | R38: 10 | S38: =+VLOOKUP(R38,Refs[],2,0) -> Paz et al. (2025) | T38: =IF(ISBLANK(Table2[[#This Row],[Brine Water]]),"",+VLOOKUP(Table2[[#This Row],[Unit num]]&"/"&Table2[[#This Row],[Unit den]],Conversion!$A$2:$B$50,2,0)*Table2[[#This Row],[Brine Water]]) -> 319.6 | U38: =IF(ISBLANK(Table2[[#This Row],[Freshwater]]),"",+VLOOKUP(Table2[[#This Row],[Unit num]]&"/"&Table2[[#This Row],[Unit den]],Conversion!$A$2:$B$50,2,0)*Table2[[#This Row],[Freshwater]]) -> 135.5 | V38: =+VLOOKUP(Table2[[#This Row],[Unit num]]&"/"&Table2[[#This Row],[Unit den]],Conversion!$A$2:$B$50,2,0)*Table2[[#This Row],[Total Water]] -> 455.1 | W38: =IF(ISNUMBER(FIND("Brine",Table2[[#This Row],[Type]])),1/Table2[[#This Row],[Grade ore Li%]]/5.323,"") -> 359.20456 | X38: =+IF(ISBLANK(Table2[[#This Row],[Brine Water]]),"",Table2[[#This Row],[Brine_m3_tonLCE_GradeOnly]]/Table2[[#This Row],[BrineWater_m3_tonLCE]]) -> 1.1239192
A39: 56 | B39: 1 | D39: Brine high grade | F39: #N/A | G39: Brine | H39: 0.001048 | I39: 13 | J39: 162.79 | K39: =154.1-116.28 -> 37.82 | L39: =+Table2[[#This Row],[Brine Water]]+Table2[[#This Row],[Freshwater]] -> 200.61 | M39: kg | N39: kg LCE Battery grade | O39: No | P39: Simulation based, evaporation (Atacama). Includes water emmissions to system | R39: 13 | S39: =+VLOOKUP(R39,Refs[],2,0) -> Mas-Fons et al. (2024) | T39: =IF(ISBLANK(Table2[[#This Row],[Brine Water]]),"",+VLOOKUP(Table2[[#This Row],[Unit num]]&"/"&Table2[[#This Row],[Unit den]],Conversion!$A$2:$B$50,2,0)*Table2[[#This Row],[Brine Water]]) -> 162.79 | U39: =IF(ISBLANK(Table2[[#This Row],[Freshwater]]),"",+VLOOKUP(Table2[[#This Row],[Unit num]]&"/"&Table2[[#This Row],[Unit den]],Conversion!$A$2:$B$50,2,0)*Table2[[#This Row],[Freshwater]]) -> 37.82 | V39: =+VLOOKUP(Table2[[#This Row],[Unit num]]&"/"&Table2[[#This Row],[Unit den]],Conversion!$A$2:$B$50,2,0)*Table2[[#This Row],[Total Water]] -> 200.61 | W39: =IF(ISNUMBER(FIND("Brine",Table2[[#This Row],[Type]])),1/Table2[[#This Row],[Grade ore Li%]]/5.323,"") -> 179.25953 | X39: =+IF(ISBLANK(Table2[[#This Row],[Brine Water]]),"",Table2[[#This Row],[Brine_m3_tonLCE_GradeOnly]]/Table2[[#This Row],[BrineWater_m3_tonLCE]]) -> 1.1011704
A40: 57 | B40: 1 | D40: Brine medium grade | F40: #N/A | G40: Brine | H40: 0.000347 | I40: 13 | J40: 543.7 | K40: =447.22-388.35 -> 58.87 | L40: =+Table2[[#This Row],[Brine Water]]+Table2[[#This Row],[Freshwater]] -> 602.57 | M40: kg | N40: kg LCE Battery grade | O40: No | P40: Simulation based, evaporation (Atacama). Includes water emmissions to system | R40: 13 | S40: =+VLOOKUP(R40,Refs[],2,0) -> Mas-Fons et al. (2024) | T40: =IF(ISBLANK(Table2[[#This Row],[Brine Water]]),"",+VLOOKUP(Table2[[#This Row],[Unit num]]&"/"&Table2[[#This Row],[Unit den]],Conversion!$A$2:$B$50,2,0)*Table2[[#This Row],[Brine Water]]) -> 543.7 | U40: =IF(ISBLANK(Table2[[#This Row],[Freshwater]]),"",+VLOOKUP(Table2[[#This Row],[Unit num]]&"/"&Table2[[#This Row],[Unit den]],Conversion!$A$2:$B$50,2,0)*Table2[[#This Row],[Freshwater]]) -> 58.87 | V40: =+VLOOKUP(Table2[[#This Row],[Unit num]]&"/"&Table2[[#This Row],[Unit den]],Conversion!$A$2:$B$50,2,0)*Table2[[#This Row],[Total Water]] -> 602.57 | W40: =IF(ISNUMBER(FIND("Brine",Table2[[#This Row],[Type]])),1/Table2[[#This Row],[Grade ore Li%]]/5.323,"") -> 541.39477 | X40: =+IF(ISBLANK(Table2[[#This Row],[Brine Water]]),"",Table2[[#This Row],[Brine_m3_tonLCE_GradeOnly]]/Table2[[#This Row],[BrineWater_m3_tonLCE]]) -> 0.99576011
A41: 58 | B41: 1 | D41: Brine low grade | F41: #N/A | G41: Brine | H41: 3.8e-05 | I41: 13 | J41: 4666.75 | K41: =3713.25-333.33 -> 3379.92 | L41: =+Table2[[#This Row],[Brine Water]]+Table2[[#This Row],[Freshwater]] -> 8046.67 | M41: kg | N41: kg LCE Battery grade | O41: No | P41: Simulation based, evaporation (Atacama). Includes water emmissions to system | R41: 13 | S41: =+VLOOKUP(R41,Refs[],2,0) -> Mas-Fons et al. (2024) | T41: =IF(ISBLANK(Table2[[#This Row],[Brine Water]]),"",+VLOOKUP(Table2[[#This Row],[Unit num]]&"/"&Table2[[#This Row],[Unit den]],Conversion!$A$2:$B$50,2,0)*Table2[[#This Row],[Brine Water]]) -> 4666.75 | U41: =IF(ISBLANK(Table2[[#This Row],[Freshwater]]),"",+VLOOKUP(Table2[[#This Row],[Unit num]]&"/"&Table2[[#This Row],[Unit den]],Conversion!$A$2:$B$50,2,0)*Table2[[#This Row],[Freshwater]]) -> 3379.92 | V41: =+VLOOKUP(Table2[[#This Row],[Unit num]]&"/"&Table2[[#This Row],[Unit den]],Conversion!$A$2:$B$50,2,0)*Table2[[#This Row],[Total Water]] -> 8046.67 | W41: =IF(ISNUMBER(FIND("Brine",Table2[[#This Row],[Type]])),1/Table2[[#This Row],[Grade ore Li%]]/5.323,"") -> 4943.7891 | X41: =+IF(ISBLANK(Table2[[#This Row],[Brine Water]]),"",Table2[[#This Row],[Brine_m3_tonLCE_GradeOnly]]/Table2[[#This Row],[BrineWater_m3_tonLCE]]) -> 1.0593645
A42: 62 | B42: 1 | D42: Hombre Muerto | E42: Salar del Hombre Muerto (POSCO) | F42: 90185 | G42: Brine | H42: 0.0007 | I42: 14 | J42: 2288 | K42: =1438 -> 1438 | L42: =+Table2[[#This Row],[Brine Water]]+Table2[[#This Row],[Freshwater]] -> 3726 | M42: m3 | N42: ton Li | O42: No | P42: Freshwater + Brine water | R42: 14 | S42: =+VLOOKUP(R42,Refs[],2,0) -> Sun et al. (2024) | T42: =IF(ISBLANK(Table2[[#This Row],[Brine Water]]),"",+VLOOKUP(Table2[[#This Row],[Unit num]]&"/"&Table2[[#This Row],[Unit den]],Conversion!$A$2:$B$50,2,0)*Table2[[#This Row],[Brine Water]]) -> 429.8328 | U42: =IF(ISBLANK(Table2[[#This Row],[Freshwater]]),"",+VLOOKUP(Table2[[#This Row],[Unit num]]&"/"&Table2[[#This Row],[Unit den]],Conversion!$A$2:$B$50,2,0)*Table2[[#This Row],[Freshwater]]) -> 270.14841 | V42: =+VLOOKUP(Table2[[#This Row],[Unit num]]&"/"&Table2[[#This Row],[Unit den]],Conversion!$A$2:$B$50,2,0)*Table2[[#This Row],[Total Water]] -> 699.98121 | W42: =IF(ISNUMBER(FIND("Brine",Table2[[#This Row],[Type]])),1/Table2[[#This Row],[Grade ore Li%]]/5.323,"") -> 268.37712 | X42: =+IF(ISBLANK(Table2[[#This Row],[Brine Water]]),"",Table2[[#This Row],[Brine_m3_tonLCE_GradeOnly]]/Table2[[#This Row],[BrineWater_m3_tonLCE]]) -> 0.62437562
A43: 63 | B43: 1 | D43: Olaroz | E43: Salar de Olaroz (Allkem) | F43: 37059 | G43: Brine | H43: 0.0005 | I43: 14 | J43: 1705 | K43: =1013 -> 1013 | L43: =+Table2[[#This Row],[Brine Water]]+Table2[[#This Row],[Freshwater]] -> 2718 | M43: m3 | N43: ton Li | O43: No | P43: Freshwater + Brine water | R43: 14 | S43: =+VLOOKUP(R43,Refs[],2,0) -> Sun et al. (2024) | T43: =IF(ISBLANK(Table2[[#This Row],[Brine Water]]),"",+VLOOKUP(Table2[[#This Row],[Unit num]]&"/"&Table2[[#This Row],[Unit den]],Conversion!$A$2:$B$50,2,0)*Table2[[#This Row],[Brine Water]]) -> 320.3081 | U43: =IF(ISBLANK(Table2[[#This Row],[Freshwater]]),"",+VLOOKUP(Table2[[#This Row],[Unit num]]&"/"&Table2[[#This Row],[Unit den]],Conversion!$A$2:$B$50,2,0)*Table2[[#This Row],[Freshwater]]) -> 190.30622 | V43: =+VLOOKUP(Table2[[#This Row],[Unit num]]&"/"&Table2[[#This Row],[Unit den]],Conversion!$A$2:$B$50,2,0)*Table2[[#This Row],[Total Water]] -> 510.61432 | W43: =IF(ISNUMBER(FIND("Brine",Table2[[#This Row],[Type]])),1/Table2[[#This Row],[Grade ore Li%]]/5.323,"") -> 375.72797 | X43: =+IF(ISBLANK(Table2[[#This Row],[Brine Water]]),"",Table2[[#This Row],[Brine_m3_tonLCE_GradeOnly]]/Table2[[#This Row],[BrineWater_m3_tonLCE]]) -> 1.1730205
A44: 64 | B44: 1 | D44: Silver Peak | E44: Silver Peak | F44: 37600 | G44: Brine | H44: 0.0003 | I44: 14 | J44: 4672 | K44: =1883 -> 1883 | L44: =+Table2[[#This Row],[Brine Water]]+Table2[[#This Row],[Freshwater]] -> 6555 | M44: m3 | N44: ton Li | O44: No | P44: Freshwater + Brine water | Q44: Machine learning | R44: 14 | S44: =+VLOOKUP(R44,Refs[],2,0) -> Sun et al. (2024) | T44: =IF(ISBLANK(Table2[[#This Row],[Brine Water]]),"",+VLOOKUP(Table2[[#This Row],[Unit num]]&"/"&Table2[[#This Row],[Unit den]],Conversion!$A$2:$B$50,2,0)*Table2[[#This Row],[Brine Water]]) -> 877.70054 | U44: =IF(ISBLANK(Table2[[#This Row],[Freshwater]]),"",+VLOOKUP(Table2[[#This Row],[Unit num]]&"/"&Table2[[#This Row],[Unit den]],Conversion!$A$2:$B$50,2,0)*Table2[[#This Row],[Freshwater]]) -> 353.74789 | V44: =+VLOOKUP(Table2[[#This Row],[Unit num]]&"/"&Table2[[#This Row],[Unit den]],Conversion!$A$2:$B$50,2,0)*Table2[[#This Row],[Total Water]] -> 1231.4484 | W44: =IF(ISNUMBER(FIND("Brine",Table2[[#This Row],[Type]])),1/Table2[[#This Row],[Grade ore Li%]]/5.323,"") -> 626.21329 | X44: =+IF(ISBLANK(Table2[[#This Row],[Brine Water]]),"",Table2[[#This Row],[Brine_m3_tonLCE_GradeOnly]]/Table2[[#This Row],[BrineWater_m3_tonLCE]]) -> 0.71347032
A45: 71 | B45: 1 | D45: Atacama | E45: Salar de Atacama (SQM) | F45: 37384 | G45: Brine | H45: 0.0015 | I45: 14 | J45: 913 | K45: =456 -> 456 | L45: =+Table2[[#This Row],[Brine Water]]+Table2[[#This Row],[Freshwater]] -> 1369 | M45: m3 | N45: ton Li | O45: No | P45: Freshwater + Brine water | Q45: Originally from Schenker 2022, ecoinvent and Kelly 2021 | R45: 14 | S45: =+VLOOKUP(R45,Refs[],2,0) -> Sun et al. (2024) | T45: =IF(ISBLANK(Table2[[#This Row],[Brine Water]]),"",+VLOOKUP(Table2[[#This Row],[Unit num]]&"/"&Table2[[#This Row],[Unit den]],Conversion!$A$2:$B$50,2,0)*Table2[[#This Row],[Brine Water]]) -> 171.51982 | U45: =IF(ISBLANK(Table2[[#This Row],[Freshwater]]),"",+VLOOKUP(Table2[[#This Row],[Unit num]]&"/"&Table2[[#This Row],[Unit den]],Conversion!$A$2:$B$50,2,0)*Table2[[#This Row],[Freshwater]]) -> 85.665978 | V45: =+VLOOKUP(Table2[[#This Row],[Unit num]]&"/"&Table2[[#This Row],[Unit den]],Conversion!$A$2:$B$50,2,0)*Table2[[#This Row],[Total Water]] -> 257.1858 | W45: =IF(ISNUMBER(FIND("Brine",Table2[[#This Row],[Type]])),1/Table2[[#This Row],[Grade ore Li%]]/5.323,"") -> 125.24266 | X45: =+IF(ISBLANK(Table2[[#This Row],[Brine Water]]),"",Table2[[#This Row],[Brine_m3_tonLCE_GradeOnly]]/Table2[[#This Row],[BrineWater_m3_tonLCE]]) -> 0.7301935
A46: 72 | B46: 1 | D46: Qarhan | E46: Qaidam Basin (All Projects) | F46: 85124 | G46: Brine | H46: 0.0002 | I46: 14 | J46: 6145 | K46: =2537 -> 2537 | L46: =+Table2[[#This Row],[Brine Water]]+Table2[[#This Row],[Freshwater]] -> 8682 | M46: m3 | N46: ton Li | O46: No | P46: Freshwater + Brine water | R46: 14 | S46: =+VLOOKUP(R46,Refs[],2,0) -> Sun et al. (2024) | T46: =IF(ISBLANK(Table2[[#This Row],[Brine Water]]),"",+VLOOKUP(Table2[[#This Row],[Unit num]]&"/"&Table2[[#This Row],[Unit den]],Conversion!$A$2:$B$50,2,0)*Table2[[#This Row],[Brine Water]]) -> 1154.4242 | U46: =IF(ISBLANK(Table2[[#This Row],[Freshwater]]),"",+VLOOKUP(Table2[[#This Row],[Unit num]]&"/"&Table2[[#This Row],[Unit den]],Conversion!$A$2:$B$50,2,0)*Table2[[#This Row],[Freshwater]]) -> 476.61093 | V46: =+VLOOKUP(Table2[[#This Row],[Unit num]]&"/"&Table2[[#This Row],[Unit den]],Conversion!$A$2:$B$50,2,0)*Table2[[#This Row],[Total Water]] -> 1631.0351 | W46: =IF(ISNUMBER(FIND("Brine",Table2[[#This Row],[Type]])),1/Table2[[#This Row],[Grade ore Li%]]/5.323,"") -> 939.31993 | X46: =+IF(ISBLANK(Table2[[#This Row],[Brine Water]]),"",Table2[[#This Row],[Brine_m3_tonLCE_GradeOnly]]/Table2[[#This Row],[BrineWater_m3_tonLCE]]) -> 0.81366965
A47: 73 | B47: 1 | D47: Xitai Jinaier | E47: Qaidam Basin (All Projects) | F47: #N/A | G47: Brine | H47: 0.0002 | I47: 14 | J47: 3780 | K47: =1487 -> 1487 | L47: =+Table2[[#This Row],[Brine Water]]+Table2[[#This Row],[Freshwater]] -> 5267 | M47: m3 | N47: ton Li | O47: No | P47: Freshwater + Brine water | R47: 14 | S47: =+VLOOKUP(R47,Refs[],2,0) -> Sun et al. (2024) | T47: =IF(ISBLANK(Table2[[#This Row],[Brine Water]]),"",+VLOOKUP(Table2[[#This Row],[Unit num]]&"/"&Table2[[#This Row],[Unit den]],Conversion!$A$2:$B$50,2,0)*Table2[[#This Row],[Brine Water]]) -> 710.12587 | U47: =IF(ISBLANK(Table2[[#This Row],[Freshwater]]),"",+VLOOKUP(Table2[[#This Row],[Unit num]]&"/"&Table2[[#This Row],[Unit den]],Conversion!$A$2:$B$50,2,0)*Table2[[#This Row],[Freshwater]]) -> 279.35375 | V47: =+VLOOKUP(Table2[[#This Row],[Unit num]]&"/"&Table2[[#This Row],[Unit den]],Conversion!$A$2:$B$50,2,0)*Table2[[#This Row],[Total Water]] -> 989.47962 | W47: =IF(ISNUMBER(FIND("Brine",Table2[[#This Row],[Type]])),1/Table2[[#This Row],[Grade ore Li%]]/5.323,"") -> 939.31993 | X47: =+IF(ISBLANK(Table2[[#This Row],[Brine Water]]),"",Table2[[#This Row],[Brine_m3_tonLCE_GradeOnly]]/Table2[[#This Row],[BrineWater_m3_tonLCE]]) -> 1.3227513
A48: 74 | B48: 1 | D48: Dongtai Jinaier | E48: Qaidam Basin (All Projects) | F48: #N/A | G48: Brine | H48: 0.0002 | I48: 14 | J48: 3780 | K48: =1487 -> 1487 | L48: =+Table2[[#This Row],[Brine Water]]+Table2[[#This Row],[Freshwater]] -> 5267 | M48: m3 | N48: ton Li | O48: No | P48: Freshwater + Brine water | R48: 14 | S48: =+VLOOKUP(R48,Refs[],2,0) -> Sun et al. (2024) | T48: =IF(ISBLANK(Table2[[#This Row],[Brine Water]]),"",+VLOOKUP(Table2[[#This Row],[Unit num]]&"/"&Table2[[#This Row],[Unit den]],Conversion!$A$2:$B$50,2,0)*Table2[[#This Row],[Brine Water]]) -> 710.12587 | U48: =IF(ISBLANK(Table2[[#This Row],[Freshwater]]),"",+VLOOKUP(Table2[[#This Row],[Unit num]]&"/"&Table2[[#This Row],[Unit den]],Conversion!$A$2:$B$50,2,0)*Table2[[#This Row],[Freshwater]]) -> 279.35375 | V48: =+VLOOKUP(Table2[[#This Row],[Unit num]]&"/"&Table2[[#This Row],[Unit den]],Conversion!$A$2:$B$50,2,0)*Table2[[#This Row],[Total Water]] -> 989.47962 | W48: =IF(ISNUMBER(FIND("Brine",Table2[[#This Row],[Type]])),1/Table2[[#This Row],[Grade ore Li%]]/5.323,"") -> 939.31993 | X48: =+IF(ISBLANK(Table2[[#This Row],[Brine Water]]),"",Table2[[#This Row],[Brine_m3_tonLCE_GradeOnly]]/Table2[[#This Row],[BrineWater_m3_tonLCE]]) -> 1.3227513
A49: 75 | B49: 1 | D49: Zabuye | E49: Zhabuye | F49: 38538 | G49: Brine | H49: =970/1000000 -> 0.00097 | I49: Li Article | J49: 2511 | K49: =923 -> 923 | L49: =+Table2[[#This Row],[Brine Water]]+Table2[[#This Row],[Freshwater]] -> 3434 | M49: m3 | N49: ton Li | O49: No | P49: Freshwater + Brine water | R49: 14 | S49: =+VLOOKUP(R49,Refs[],2,0) -> Sun et al. (2024) | T49: =IF(ISBLANK(Table2[[#This Row],[Brine Water]]),"",+VLOOKUP(Table2[[#This Row],[Unit num]]&"/"&Table2[[#This Row],[Unit den]],Conversion!$A$2:$B$50,2,0)*Table2[[#This Row],[Brine Water]]) -> 471.72647 | U49: =IF(ISBLANK(Table2[[#This Row],[Freshwater]]),"",+VLOOKUP(Table2[[#This Row],[Unit num]]&"/"&Table2[[#This Row],[Unit den]],Conversion!$A$2:$B$50,2,0)*Table2[[#This Row],[Freshwater]]) -> 173.39846 | V49: =+VLOOKUP(Table2[[#This Row],[Unit num]]&"/"&Table2[[#This Row],[Unit den]],Conversion!$A$2:$B$50,2,0)*Table2[[#This Row],[Total Water]] -> 645.12493 | W49: =IF(ISNUMBER(FIND("Brine",Table2[[#This Row],[Type]])),1/Table2[[#This Row],[Grade ore Li%]]/5.323,"") -> 193.67421 | X49: =+IF(ISBLANK(Table2[[#This Row],[Brine Water]]),"",Table2[[#This Row],[Brine_m3_tonLCE_GradeOnly]]/Table2[[#This Row],[BrineWater_m3_tonLCE]]) -> 0.41056465
A50: 80 | B50: 0 | C50: Country averages | D50: Chile | F50: #N/A | G50: Brine | K50: 363.5 | L50: =+Table2[[#This Row],[Brine Water]]+Table2[[#This Row],[Freshwater]] -> 363.5 | M50: ton | N50: ton LCE | O50: No | P50: Freshwater + Brine water | R50: 15 | S50: =+VLOOKUP(R50,Refs[],2,0) -> Orquera et al. (2026) | T50: =IF(ISBLANK(Table2[[#This Row],[Brine Water]]),"",+VLOOKUP(Table2[[#This Row],[Unit num]]&"/"&Table2[[#This Row],[Unit den]],Conversion!$A$2:$B$50,2,0)*Table2[[#This Row],[Brine Water]]) | U50: =IF(ISBLANK(Table2[[#This Row],[Freshwater]]),"",+VLOOKUP(Table2[[#This Row],[Unit num]]&"/"&Table2[[#This Row],[Unit den]],Conversion!$A$2:$B$50,2,0)*Table2[[#This Row],[Freshwater]]) -> 363.5 | V50: =+VLOOKUP(Table2[[#This Row],[Unit num]]&"/"&Table2[[#This Row],[Unit den]],Conversion!$A$2:$B$50,2,0)*Table2[[#This Row],[Total Water]] -> 363.5 | W50: =IF(ISNUMBER(FIND("Brine",Table2[[#This Row],[Type]])),1/Table2[[#This Row],[Grade ore Li%]]/5.323,"") -> #DIV/0! | X50: =+IF(ISBLANK(Table2[[#This Row],[Brine Water]]),"",Table2[[#This Row],[Brine_m3_tonLCE_GradeOnly]]/Table2[[#This Row],[BrineWater_m3_tonLCE]])
A51: 81 | B51: 0 | C51: Country averages | D51: Chile | F51: #N/A | G51: Brine | K51: 217.18 | L51: =+Table2[[#This Row],[Brine Water]]+Table2[[#This Row],[Freshwater]] -> 217.18 | M51: ton | N51: ton LCE | O51: Yes | P51: Freshwater + Brine water | R51: 15 | S51: =+VLOOKUP(R51,Refs[],2,0) -> Orquera et al. (2026) | T51: =IF(ISBLANK(Table2[[#This Row],[Brine Water]]),"",+VLOOKUP(Table2[[#This Row],[Unit num]]&"/"&Table2[[#This Row],[Unit den]],Conversion!$A$2:$B$50,2,0)*Table2[[#This Row],[Brine Water]]) | U51: =IF(ISBLANK(Table2[[#This Row],[Freshwater]]),"",+VLOOKUP(Table2[[#This Row],[Unit num]]&"/"&Table2[[#This Row],[Unit den]],Conversion!$A$2:$B$50,2,0)*Table2[[#This Row],[Freshwater]]) -> 217.18 | V51: =+VLOOKUP(Table2[[#This Row],[Unit num]]&"/"&Table2[[#This Row],[Unit den]],Conversion!$A$2:$B$50,2,0)*Table2[[#This Row],[Total Water]] -> 217.18 | W51: =IF(ISNUMBER(FIND("Brine",Table2[[#This Row],[Type]])),1/Table2[[#This Row],[Grade ore Li%]]/5.323,"") -> #DIV/0! | X51: =+IF(ISBLANK(Table2[[#This Row],[Brine Water]]),"",Table2[[#This Row],[Brine_m3_tonLCE_GradeOnly]]/Table2[[#This Row],[BrineWater_m3_tonLCE]])
A52: 82 | B52: 0 | C52: Country averages | D52: Argentina | F52: #N/A | G52: Brine | K52: 520 | L52: =+Table2[[#This Row],[Brine Water]]+Table2[[#This Row],[Freshwater]] -> 520 | M52: ton | N52: ton LCE | O52: No | P52: Freshwater + Brine water | R52: 15 | S52: =+VLOOKUP(R52,Refs[],2,0) -> Orquera et al. (2026) | T52: =IF(ISBLANK(Table2[[#This Row],[Brine Water]]),"",+VLOOKUP(Table2[[#This Row],[Unit num]]&"/"&Table2[[#This Row],[Unit den]],Conversion!$A$2:$B$50,2,0)*Table2[[#This Row],[Brine Water]]) | U52: =IF(ISBLANK(Table2[[#This Row],[Freshwater]]),"",+VLOOKUP(Table2[[#This Row],[Unit num]]&"/"&Table2[[#This Row],[Unit den]],Conversion!$A$2:$B$50,2,0)*Table2[[#This Row],[Freshwater]]) -> 520 | V52: =+VLOOKUP(Table2[[#This Row],[Unit num]]&"/"&Table2[[#This Row],[Unit den]],Conversion!$A$2:$B$50,2,0)*Table2[[#This Row],[Total Water]] -> 520 | W52: =IF(ISNUMBER(FIND("Brine",Table2[[#This Row],[Type]])),1/Table2[[#This Row],[Grade ore Li%]]/5.323,"") -> #DIV/0! | X52: =+IF(ISBLANK(Table2[[#This Row],[Brine Water]]),"",Table2[[#This Row],[Brine_m3_tonLCE_GradeOnly]]/Table2[[#This Row],[BrineWater_m3_tonLCE]])
A53: 83 | B53: 0 | C53: Country averages | D53: Argentina | F53: #N/A | G53: Brine | K53: 295.5 | L53: =+Table2[[#This Row],[Brine Water]]+Table2[[#This Row],[Freshwater]] -> 295.5 | M53: ton | N53: ton LCE | O53: Yes | P53: Freshwater + Brine water | R53: 15 | S53: =+VLOOKUP(R53,Refs[],2,0) -> Orquera et al. (2026) | T53: =IF(ISBLANK(Table2[[#This Row],[Brine Water]]),"",+VLOOKUP(Table2[[#This Row],[Unit num]]&"/"&Table2[[#This Row],[Unit den]],Conversion!$A$2:$B$50,2,0)*Table2[[#This Row],[Brine Water]]) | U53: =IF(ISBLANK(Table2[[#This Row],[Freshwater]]),"",+VLOOKUP(Table2[[#This Row],[Unit num]]&"/"&Table2[[#This Row],[Unit den]],Conversion!$A$2:$B$50,2,0)*Table2[[#This Row],[Freshwater]]) -> 295.5 | V53: =+VLOOKUP(Table2[[#This Row],[Unit num]]&"/"&Table2[[#This Row],[Unit den]],Conversion!$A$2:$B$50,2,0)*Table2[[#This Row],[Total Water]] -> 295.5 | W53: =IF(ISNUMBER(FIND("Brine",Table2[[#This Row],[Type]])),1/Table2[[#This Row],[Grade ore Li%]]/5.323,"") -> #DIV/0! | X53: =+IF(ISBLANK(Table2[[#This Row],[Brine Water]]),"",Table2[[#This Row],[Brine_m3_tonLCE_GradeOnly]]/Table2[[#This Row],[BrineWater_m3_tonLCE]])
A54: 85 | B54: 0 | C54: Country averages | D54: Bolivia | E54: Salar de Uyuni | F54: 36153 | G54: Brine | K54: 441.68 | L54: =+Table2[[#This Row],[Brine Water]]+Table2[[#This Row],[Freshwater]] -> 441.68 | M54: ton | N54: ton LCE | O54: No | P54: Freshwater + Brine water | R54: 15 | S54: =+VLOOKUP(R54,Refs[],2,0) -> Orquera et al. (2026) | T54: =IF(ISBLANK(Table2[[#This Row],[Brine Water]]),"",+VLOOKUP(Table2[[#This Row],[Unit num]]&"/"&Table2[[#This Row],[Unit den]],Conversion!$A$2:$B$50,2,0)*Table2[[#This Row],[Brine Water]]) | U54: =IF(ISBLANK(Table2[[#This Row],[Freshwater]]),"",+VLOOKUP(Table2[[#This Row],[Unit num]]&"/"&Table2[[#This Row],[Unit den]],Conversion!$A$2:$B$50,2,0)*Table2[[#This Row],[Freshwater]]) -> 441.68 | V54: =+VLOOKUP(Table2[[#This Row],[Unit num]]&"/"&Table2[[#This Row],[Unit den]],Conversion!$A$2:$B$50,2,0)*Table2[[#This Row],[Total Water]] -> 441.68 | W54: =IF(ISNUMBER(FIND("Brine",Table2[[#This Row],[Type]])),1/Table2[[#This Row],[Grade ore Li%]]/5.323,"") -> #DIV/0! | X54: =+IF(ISBLANK(Table2[[#This Row],[Brine Water]]),"",Table2[[#This Row],[Brine_m3_tonLCE_GradeOnly]]/Table2[[#This Row],[BrineWater_m3_tonLCE]])
A55: 86 | B55: 0 | C55: Country averages | D55: Bolivia | E55: Salar de Uyuni | F55: 36153 | G55: Brine | K55: 256.34 | L55: =+Table2[[#This Row],[Brine Water]]+Table2[[#This Row],[Freshwater]] -> 256.34 | M55: ton | N55: ton LCE | O55: Yes | P55: Freshwater + Brine water | R55: 15 | S55: =+VLOOKUP(R55,Refs[],2,0) -> Orquera et al. (2026) | T55: =IF(ISBLANK(Table2[[#This Row],[Brine Water]]),"",+VLOOKUP(Table2[[#This Row],[Unit num]]&"/"&Table2[[#This Row],[Unit den]],Conversion!$A$2:$B$50,2,0)*Table2[[#This Row],[Brine Water]]) | U55: =IF(ISBLANK(Table2[[#This Row],[Freshwater]]),"",+VLOOKUP(Table2[[#This Row],[Unit num]]&"/"&Table2[[#This Row],[Unit den]],Conversion!$A$2:$B$50,2,0)*Table2[[#This Row],[Freshwater]]) -> 256.34 | V55: =+VLOOKUP(Table2[[#This Row],[Unit num]]&"/"&Table2[[#This Row],[Unit den]],Conversion!$A$2:$B$50,2,0)*Table2[[#This Row],[Total Water]] -> 256.34 | W55: =IF(ISNUMBER(FIND("Brine",Table2[[#This Row],[Type]])),1/Table2[[#This Row],[Grade ore Li%]]/5.323,"") -> #DIV/0! | X55: =+IF(ISBLANK(Table2[[#This Row],[Brine Water]]),"",Table2[[#This Row],[Brine_m3_tonLCE_GradeOnly]]/Table2[[#This Row],[BrineWater_m3_tonLCE]])
A56: 87 | B56: 1 | D56: Uyuni | E56: Salar de Uyuni | F56: 36153 | G56: Brine | H56: =0.32/1000 -> 0.00032 | I56: 16 | J56: 587.1 | L56: =+Table2[[#This Row],[Brine Water]]+Table2[[#This Row],[Freshwater]] -> 587.1 | M56: m3 | N56: ton LCE | O56: Yes | P56: Brine water | R56: 16 | S56: =+VLOOKUP(R56,Refs[],2,0) -> Vera et al. (2023) | T56: =IF(ISBLANK(Table2[[#This Row],[Brine Water]]),"",+VLOOKUP(Table2[[#This Row],[Unit num]]&"/"&Table2[[#This Row],[Unit den]],Conversion!$A$2:$B$50,2,0)*Table2[[#This Row],[Brine Water]]) -> 587.1 | U56: =IF(ISBLANK(Table2[[#This Row],[Freshwater]]),"",+VLOOKUP(Table2[[#This Row],[Unit num]]&"/"&Table2[[#This Row],[Unit den]],Conversion!$A$2:$B$50,2,0)*Table2[[#This Row],[Freshwater]]) | V56: =+VLOOKUP(Table2[[#This Row],[Unit num]]&"/"&Table2[[#This Row],[Unit den]],Conversion!$A$2:$B$50,2,0)*Table2[[#This Row],[Total Water]] -> 587.1 | W56: =IF(ISNUMBER(FIND("Brine",Table2[[#This Row],[Type]])),1/Table2[[#This Row],[Grade ore Li%]]/5.323,"") -> 587.07496 | X56: =+IF(ISBLANK(Table2[[#This Row],[Brine Water]]),"",Table2[[#This Row],[Brine_m3_tonLCE_GradeOnly]]/Table2[[#This Row],[BrineWater_m3_tonLCE]]) -> 0.99995735
A57: 88 | B57: 1 | D57: Atacama | E57: Salar de Atacama (SQM) | F57: 37384 | G57: Brine | H57: =1.57/1000 -> 0.00157 | I57: 16 | J57: 119.7 | L57: =+Table2[[#This Row],[Brine Water]]+Table2[[#This Row],[Freshwater]] -> 119.7 | M57: m3 | N57: ton LCE | O57: Yes | P57: Brine water | R57: 16 | S57: =+VLOOKUP(R57,Refs[],2,0) -> Vera et al. (2023) | T57: =IF(ISBLANK(Table2[[#This Row],[Brine Water]]),"",+VLOOKUP(Table2[[#This Row],[Unit num]]&"/"&Table2[[#This Row],[Unit den]],Conversion!$A$2:$B$50,2,0)*Table2[[#This Row],[Brine Water]]) -> 119.7 | U57: =IF(ISBLANK(Table2[[#This Row],[Freshwater]]),"",+VLOOKUP(Table2[[#This Row],[Unit num]]&"/"&Table2[[#This Row],[Unit den]],Conversion!$A$2:$B$50,2,0)*Table2[[#This Row],[Freshwater]]) | V57: =+VLOOKUP(Table2[[#This Row],[Unit num]]&"/"&Table2[[#This Row],[Unit den]],Conversion!$A$2:$B$50,2,0)*Table2[[#This Row],[Total Water]] -> 119.7 | W57: =IF(ISNUMBER(FIND("Brine",Table2[[#This Row],[Type]])),1/Table2[[#This Row],[Grade ore Li%]]/5.323,"") -> 119.65859 | X57: =+IF(ISBLANK(Table2[[#This Row],[Brine Water]]),"",Table2[[#This Row],[Brine_m3_tonLCE_GradeOnly]]/Table2[[#This Row],[BrineWater_m3_tonLCE]]) -> 0.99965405
A58: 89 | B58: 1 | D58: Atacama | E58: Salar de Atacama (SQM) | F58: 37384 | G58: Brine | H58: =1.57/1000 -> 0.00157 | I58: 16 | K58: 22.5 | L58: =+Table2[[#This Row],[Brine Water]]+Table2[[#This Row],[Freshwater]] -> 22.5 | M58: m3 | N58: ton LCE | O58: No | P58: Freshwater | R58: 16 | S58: =+VLOOKUP(R58,Refs[],2,0) -> Vera et al. (2023) | T58: =IF(ISBLANK(Table2[[#This Row],[Brine Water]]),"",+VLOOKUP(Table2[[#This Row],[Unit num]]&"/"&Table2[[#This Row],[Unit den]],Conversion!$A$2:$B$50,2,0)*Table2[[#This Row],[Brine Water]]) | U58: =IF(ISBLANK(Table2[[#This Row],[Freshwater]]),"",+VLOOKUP(Table2[[#This Row],[Unit num]]&"/"&Table2[[#This Row],[Unit den]],Conversion!$A$2:$B$50,2,0)*Table2[[#This Row],[Freshwater]]) -> 22.5 | V58: =+VLOOKUP(Table2[[#This Row],[Unit num]]&"/"&Table2[[#This Row],[Unit den]],Conversion!$A$2:$B$50,2,0)*Table2[[#This Row],[Total Water]] -> 22.5 | W58: =IF(ISNUMBER(FIND("Brine",Table2[[#This Row],[Type]])),1/Table2[[#This Row],[Grade ore Li%]]/5.323,"") -> 119.65859 | X58: =+IF(ISBLANK(Table2[[#This Row],[Brine Water]]),"",Table2[[#This Row],[Brine_m3_tonLCE_GradeOnly]]/Table2[[#This Row],[BrineWater_m3_tonLCE]])
A59: 90 | B59: 1 | D59: Salar de Olaroz | E59: Salar de Olaroz (Allkem) | F59: 37059 | G59: Brine | H59: =0.57/1000 -> 0.00057 | I59: 16 | J59: 329.7 | K59: 41.4 | L59: =+Table2[[#This Row],[Brine Water]]+Table2[[#This Row],[Freshwater]] -> 371.1 | M59: m3 | N59: ton LCE | O59: Yes | P59: Freshwater + Brine water | R59: 16 | S59: =+VLOOKUP(R59,Refs[],2,0) -> Vera et al. (2023) | T59: =IF(ISBLANK(Table2[[#This Row],[Brine Water]]),"",+VLOOKUP(Table2[[#This Row],[Unit num]]&"/"&Table2[[#This Row],[Unit den]],Conversion!$A$2:$B$50,2,0)*Table2[[#This Row],[Brine Water]]) -> 329.7 | U59: =IF(ISBLANK(Table2[[#This Row],[Freshwater]]),"",+VLOOKUP(Table2[[#This Row],[Unit num]]&"/"&Table2[[#This Row],[Unit den]],Conversion!$A$2:$B$50,2,0)*Table2[[#This Row],[Freshwater]]) -> 41.4 | V59: =+VLOOKUP(Table2[[#This Row],[Unit num]]&"/"&Table2[[#This Row],[Unit den]],Conversion!$A$2:$B$50,2,0)*Table2[[#This Row],[Total Water]] -> 371.1 | W59: =IF(ISNUMBER(FIND("Brine",Table2[[#This Row],[Type]])),1/Table2[[#This Row],[Grade ore Li%]]/5.323,"") -> 329.58594 | X59: =+IF(ISBLANK(Table2[[#This Row],[Brine Water]]),"",Table2[[#This Row],[Brine_m3_tonLCE_GradeOnly]]/Table2[[#This Row],[BrineWater_m3_tonLCE]]) -> 0.99965405
A60: 91 | B60: 1 | D60: Salar de Olaroz | E60: Salar de Olaroz (Allkem) | F60: 37059 | G60: Brine | H60: =0.57/1000 -> 0.00057 | I60: 16 | K60: 50 | L60: =+Table2[[#This Row],[Brine Water]]+Table2[[#This Row],[Freshwater]] -> 50 | M60: m3 | N60: ton LCE | O60: No | P60: Freshwater | R60: 16 | S60: =+VLOOKUP(R60,Refs[],2,0) -> Vera et al. (2023) | T60: =IF(ISBLANK(Table2[[#This Row],[Brine Water]]),"",+VLOOKUP(Table2[[#This Row],[Unit num]]&"/"&Table2[[#This Row],[Unit den]],Conversion!$A$2:$B$50,2,0)*Table2[[#This Row],[Brine Water]]) | U60: =IF(ISBLANK(Table2[[#This Row],[Freshwater]]),"",+VLOOKUP(Table2[[#This Row],[Unit num]]&"/"&Table2[[#This Row],[Unit den]],Conversion!$A$2:$B$50,2,0)*Table2[[#This Row],[Freshwater]]) -> 50 | V60: =+VLOOKUP(Table2[[#This Row],[Unit num]]&"/"&Table2[[#This Row],[Unit den]],Conversion!$A$2:$B$50,2,0)*Table2[[#This Row],[Total Water]] -> 50 | W60: =IF(ISNUMBER(FIND("Brine",Table2[[#This Row],[Type]])),1/Table2[[#This Row],[Grade ore Li%]]/5.323,"") -> 329.58594 | X60: =+IF(ISBLANK(Table2[[#This Row],[Brine Water]]),"",Table2[[#This Row],[Brine_m3_tonLCE_GradeOnly]]/Table2[[#This Row],[BrineWater_m3_tonLCE]])
A61: 92 | B61: 1 | D61: Hombre Muerto | E61: Salar del Hombre Muerto (POSCO) | F61: 90185 | G61: Brine | H61: =0.9/1000 -> 0.0009 | I61: 16 | J61: 208.7 | K61: 757.5 | L61: =+Table2[[#This Row],[Brine Water]]+Table2[[#This Row],[Freshwater]] -> 966.2 | M61: m3 | N61: ton LCE | O61: Yes | P61: Freshwater + Brine water | R61: 16 | S61: =+VLOOKUP(R61,Refs[],2,0) -> Vera et al. (2023) | T61: =IF(ISBLANK(Table2[[#This Row],[Brine Water]]),"",+VLOOKUP(Table2[[#This Row],[Unit num]]&"/"&Table2[[#This Row],[Unit den]],Conversion!$A$2:$B$50,2,0)*Table2[[#This Row],[Brine Water]]) -> 208.7 | U61: =IF(ISBLANK(Table2[[#This Row],[Freshwater]]),"",+VLOOKUP(Table2[[#This Row],[Unit num]]&"/"&Table2[[#This Row],[Unit den]],Conversion!$A$2:$B$50,2,0)*Table2[[#This Row],[Freshwater]]) -> 757.5 | V61: =+VLOOKUP(Table2[[#This Row],[Unit num]]&"/"&Table2[[#This Row],[Unit den]],Conversion!$A$2:$B$50,2,0)*Table2[[#This Row],[Total Water]] -> 966.2 | W61: =IF(ISNUMBER(FIND("Brine",Table2[[#This Row],[Type]])),1/Table2[[#This Row],[Grade ore Li%]]/5.323,"") -> 208.73776 | X61: =+IF(ISBLANK(Table2[[#This Row],[Brine Water]]),"",Table2[[#This Row],[Brine_m3_tonLCE_GradeOnly]]/Table2[[#This Row],[BrineWater_m3_tonLCE]]) -> 1.0001809
A62: 93 | B62: 1 | D62: Zabuye North | E62: Zhabuye | F62: 38538 | G62: Brine | H62: =0.66/1000 -> 0.00066 | I62: 16 | J62: 284.6 | L62: =+Table2[[#This Row],[Brine Water]]+Table2[[#This Row],[Freshwater]] -> 284.6 | M62: m3 | N62: ton LCE | O62: Yes | P62: Brine water | R62: 16 | S62: =+VLOOKUP(R62,Refs[],2,0) -> Vera et al. (2023) | T62: =IF(ISBLANK(Table2[[#This Row],[Brine Water]]),"",+VLOOKUP(Table2[[#This Row],[Unit num]]&"/"&Table2[[#This Row],[Unit den]],Conversion!$A$2:$B$50,2,0)*Table2[[#This Row],[Brine Water]]) -> 284.6 | U62: =IF(ISBLANK(Table2[[#This Row],[Freshwater]]),"",+VLOOKUP(Table2[[#This Row],[Unit num]]&"/"&Table2[[#This Row],[Unit den]],Conversion!$A$2:$B$50,2,0)*Table2[[#This Row],[Freshwater]]) | V62: =+VLOOKUP(Table2[[#This Row],[Unit num]]&"/"&Table2[[#This Row],[Unit den]],Conversion!$A$2:$B$50,2,0)*Table2[[#This Row],[Total Water]] -> 284.6 | W62: =IF(ISNUMBER(FIND("Brine",Table2[[#This Row],[Type]])),1/Table2[[#This Row],[Grade ore Li%]]/5.323,"") -> 284.6424 | X62: =+IF(ISBLANK(Table2[[#This Row],[Brine Water]]),"",Table2[[#This Row],[Brine_m3_tonLCE_GradeOnly]]/Table2[[#This Row],[BrineWater_m3_tonLCE]]) -> 1.000149
A63: 94 | B63: 1 | D63: Clayton Valley | E63: Clayton Valley (Century) | F63: 37627 | G63: Brine | H63: =0.36/1000 -> 0.00036 | I63: 16 | J63: 521.9 | L63: =+Table2[[#This Row],[Brine Water]]+Table2[[#This Row],[Freshwater]] -> 521.9 | M63: m3 | N63: ton LCE | O63: Yes | P63: Brine water | R63: 16 | S63: =+VLOOKUP(R63,Refs[],2,0) -> Vera et al. (2023) | T63: =IF(ISBLANK(Table2[[#This Row],[Brine Water]]),"",+VLOOKUP(Table2[[#This Row],[Unit num]]&"/"&Table2[[#This Row],[Unit den]],Conversion!$A$2:$B$50,2,0)*Table2[[#This Row],[Brine Water]]) -> 521.9 | U63: =IF(ISBLANK(Table2[[#This Row],[Freshwater]]),"",+VLOOKUP(Table2[[#This Row],[Unit num]]&"/"&Table2[[#This Row],[Unit den]],Conversion!$A$2:$B$50,2,0)*Table2[[#This Row],[Freshwater]]) | V63: =+VLOOKUP(Table2[[#This Row],[Unit num]]&"/"&Table2[[#This Row],[Unit den]],Conversion!$A$2:$B$50,2,0)*Table2[[#This Row],[Total Water]] -> 521.9 | W63: =IF(ISNUMBER(FIND("Brine",Table2[[#This Row],[Type]])),1/Table2[[#This Row],[Grade ore Li%]]/5.323,"") -> 521.84441 | X63: =+IF(ISBLANK(Table2[[#This Row],[Brine Water]]),"",Table2[[#This Row],[Brine_m3_tonLCE_GradeOnly]]/Table2[[#This Row],[BrineWater_m3_tonLCE]]) -> 0.99989348
A64: 95 | B64: 1 | D64: Tajinar | F64: 38542 | G64: Brine | H64: =0.21/1000 -> 0.00021 | I64: 16 | J64: 894.6 | K64: 29.6 | L64: =+Table2[[#This Row],[Brine Water]]+Table2[[#This Row],[Freshwater]] -> 924.2 | M64: m3 | N64: ton LCE | O64: Yes | P64: Freshwater + Brine water | R64: 16 | S64: =+VLOOKUP(R64,Refs[],2,0) -> Vera et al. (2023) | T64: =IF(ISBLANK(Table2[[#This Row],[Brine Water]]),"",+VLOOKUP(Table2[[#This Row],[Unit num]]&"/"&Table2[[#This Row],[Unit den]],Conversion!$A$2:$B$50,2,0)*Table2[[#This Row],[Brine Water]]) -> 894.6 | U64: =IF(ISBLANK(Table2[[#This Row],[Freshwater]]),"",+VLOOKUP(Table2[[#This Row],[Unit num]]&"/"&Table2[[#This Row],[Unit den]],Conversion!$A$2:$B$50,2,0)*Table2[[#This Row],[Freshwater]]) -> 29.6 | V64: =+VLOOKUP(Table2[[#This Row],[Unit num]]&"/"&Table2[[#This Row],[Unit den]],Conversion!$A$2:$B$50,2,0)*Table2[[#This Row],[Total Water]] -> 924.2 | W64: =IF(ISNUMBER(FIND("Brine",Table2[[#This Row],[Type]])),1/Table2[[#This Row],[Grade ore Li%]]/5.323,"") -> 894.59041 | X64: =+IF(ISBLANK(Table2[[#This Row],[Brine Water]]),"",Table2[[#This Row],[Brine_m3_tonLCE_GradeOnly]]/Table2[[#This Row],[BrineWater_m3_tonLCE]]) -> 0.99998928
A65: 24 | B65: 1 | D65: Upper Rhine Graben | E65: Upper Rhine Valley | F65: 83904 | G65: Brine (Geothermal) | H65: 0.0002 | I65: 3 | K65: 356 | L65: =+Table2[[#This Row],[Brine Water]]+Table2[[#This Row],[Freshwater]] -> 356 | M65: kg | N65: kg LCE Battery grade | O65: Yes | P65: DLE technology from geothermal brines | Q65: Freshwater consumption | R65: 3 | S65: =+VLOOKUP(R65,Refs[],2,0) -> Schenker & Pfister (2025) | T65: =IF(ISBLANK(Table2[[#This Row],[Brine Water]]),"",+VLOOKUP(Table2[[#This Row],[Unit num]]&"/"&Table2[[#This Row],[Unit den]],Conversion!$A$2:$B$50,2,0)*Table2[[#This Row],[Brine Water]]) | U65: =IF(ISBLANK(Table2[[#This Row],[Freshwater]]),"",+VLOOKUP(Table2[[#This Row],[Unit num]]&"/"&Table2[[#This Row],[Unit den]],Conversion!$A$2:$B$50,2,0)*Table2[[#This Row],[Freshwater]]) -> 356 | V65: =+VLOOKUP(Table2[[#This Row],[Unit num]]&"/"&Table2[[#This Row],[Unit den]],Conversion!$A$2:$B$50,2,0)*Table2[[#This Row],[Total Water]] -> 356 | W65: =IF(ISNUMBER(FIND("Brine",Table2[[#This Row],[Type]])),1/Table2[[#This Row],[Grade ore Li%]]/5.323,"") -> 939.31993 | X65: =+IF(ISBLANK(Table2[[#This Row],[Brine Water]]),"",Table2[[#This Row],[Brine_m3_tonLCE_GradeOnly]]/Table2[[#This Row],[BrineWater_m3_tonLCE]])
A66: 25 | B66: 1 | D66: Salton Sea | E66: Salton Sea (All) | F66: 38558 | G66: Brine (Geothermal) | H66: 0.0002 | I66: 3 | K66: 357 | L66: =+Table2[[#This Row],[Brine Water]]+Table2[[#This Row],[Freshwater]] -> 357 | M66: kg | N66: kg LCE Battery grade | O66: Yes | P66: DLE technology from geothermal brines | Q66: Freshwater consumption | R66: 3 | S66: =+VLOOKUP(R66,Refs[],2,0) -> Schenker & Pfister (2025) | T66: =IF(ISBLANK(Table2[[#This Row],[Brine Water]]),"",+VLOOKUP(Table2[[#This Row],[Unit num]]&"/"&Table2[[#This Row],[Unit den]],Conversion!$A$2:$B$50,2,0)*Table2[[#This Row],[Brine Water]]) | U66: =IF(ISBLANK(Table2[[#This Row],[Freshwater]]),"",+VLOOKUP(Table2[[#This Row],[Unit num]]&"/"&Table2[[#This Row],[Unit den]],Conversion!$A$2:$B$50,2,0)*Table2[[#This Row],[Freshwater]]) -> 357 | V66: =+VLOOKUP(Table2[[#This Row],[Unit num]]&"/"&Table2[[#This Row],[Unit den]],Conversion!$A$2:$B$50,2,0)*Table2[[#This Row],[Total Water]] -> 357 | W66: =IF(ISNUMBER(FIND("Brine",Table2[[#This Row],[Type]])),1/Table2[[#This Row],[Grade ore Li%]]/5.323,"") -> 939.31993 | X66: =+IF(ISBLANK(Table2[[#This Row],[Brine Water]]),"",Table2[[#This Row],[Brine_m3_tonLCE_GradeOnly]]/Table2[[#This Row],[BrineWater_m3_tonLCE]])
A67: 45 | B67: 0 | C67: low | D67: Smackover Arkansas | E67: Smackover LANXESS | F67: 91782 | G67: Brine (Oilfield) | H67: =217*0.0001/100 -> 0.000217 | I67: https://d1io3yog0oux5.cloudfront.net/_e12729a50f616d58cd7c2cccd794fa27/standardlithium/files/pages/standardlithium/db/368/description/Phase1A_-_Definitive_Feasibility_Study_2023.10.18.pdf | K67: 2.58 | L67: =+Table2[[#This Row],[Brine Water]]+Table2[[#This Row],[Freshwater]] -> 2.58 | M67: kg | N67: kg LCE | O67: No | Q67: GREET authors | R67: 7 | S67: =+VLOOKUP(R67,Refs[],2,0) -> Iyer & Kelly (2024) | T67: =IF(ISBLANK(Table2[[#This Row],[Brine Water]]),"",+VLOOKUP(Table2[[#This Row],[Unit num]]&"/"&Table2[[#This Row],[Unit den]],Conversion!$A$2:$B$50,2,0)*Table2[[#This Row],[Brine Water]]) | U67: =IF(ISBLANK(Table2[[#This Row],[Freshwater]]),"",+VLOOKUP(Table2[[#This Row],[Unit num]]&"/"&Table2[[#This Row],[Unit den]],Conversion!$A$2:$B$50,2,0)*Table2[[#This Row],[Freshwater]]) -> 2.58 | V67: =+VLOOKUP(Table2[[#This Row],[Unit num]]&"/"&Table2[[#This Row],[Unit den]],Conversion!$A$2:$B$50,2,0)*Table2[[#This Row],[Total Water]] -> 2.58 | W67: =IF(ISNUMBER(FIND("Brine",Table2[[#This Row],[Type]])),1/Table2[[#This Row],[Grade ore Li%]]/5.323,"") -> 865.73266 | X67: =+IF(ISBLANK(Table2[[#This Row],[Brine Water]]),"",Table2[[#This Row],[Brine_m3_tonLCE_GradeOnly]]/Table2[[#This Row],[BrineWater_m3_tonLCE]])
A68: 46 | B68: 0 | C68: Low | D68: SW Arkansas | E68: Smackover SWA | F68: 83068 | G68: Brine (Oilfield) | H68: =481*0.0001/100 -> 0.000481 | I68: https://www.standardlithium.com/projects/smackover/south-west-arkansas/ | K68: 0.76 | L68: =+Table2[[#This Row],[Brine Water]]+Table2[[#This Row],[Freshwater]] -> 0.76 | M68: kg | N68: kg LCE | O68: No | Q68: GREET authors | R68: 7 | S68: =+VLOOKUP(R68,Refs[],2,0) -> Iyer & Kelly (2024) | T68: =IF(ISBLANK(Table2[[#This Row],[Brine Water]]),"",+VLOOKUP(Table2[[#This Row],[Unit num]]&"/"&Table2[[#This Row],[Unit den]],Conversion!$A$2:$B$50,2,0)*Table2[[#This Row],[Brine Water]]) | U68: =IF(ISBLANK(Table2[[#This Row],[Freshwater]]),"",+VLOOKUP(Table2[[#This Row],[Unit num]]&"/"&Table2[[#This Row],[Unit den]],Conversion!$A$2:$B$50,2,0)*Table2[[#This Row],[Freshwater]]) -> 0.76 | V68: =+VLOOKUP(Table2[[#This Row],[Unit num]]&"/"&Table2[[#This Row],[Unit den]],Conversion!$A$2:$B$50,2,0)*Table2[[#This Row],[Total Water]] -> 0.76 | W68: =IF(ISNUMBER(FIND("Brine",Table2[[#This Row],[Type]])),1/Table2[[#This Row],[Grade ore Li%]]/5.323,"") -> 390.56962 | X68: =+IF(ISBLANK(Table2[[#This Row],[Brine Water]]),"",Table2[[#This Row],[Brine_m3_tonLCE_GradeOnly]]/Table2[[#This Row],[BrineWater_m3_tonLCE]])
A69: 38 | B69: 1 | D69: Greenbushes | E69: Greenbushes | F69: 37326 | G69: Hard Rock | H69: =1.6*0.464/100 -> 0.007424 | I69: 6 | K69: 200 | L69: =+Table2[[#This Row],[Brine Water]]+Table2[[#This Row],[Freshwater]] -> 200 | M69: m3 | N69: ton LCE | O69: No | P69: Hard rock + LCE conversion | Q69: Water consumption | R69: 6 | S69: =+VLOOKUP(R69,Refs[],2,0) -> Feng et al. (2024) | T69: =IF(ISBLANK(Table2[[#This Row],[Brine Water]]),"",+VLOOKUP(Table2[[#This Row],[Unit num]]&"/"&Table2[[#This Row],[Unit den]],Conversion!$A$2:$B$50,2,0)*Table2[[#This Row],[Brine Water]]) | U69: =IF(ISBLANK(Table2[[#This Row],[Freshwater]]),"",+VLOOKUP(Table2[[#This Row],[Unit num]]&"/"&Table2[[#This Row],[Unit den]],Conversion!$A$2:$B$50,2,0)*Table2[[#This Row],[Freshwater]]) -> 200 | V69: =+VLOOKUP(Table2[[#This Row],[Unit num]]&"/"&Table2[[#This Row],[Unit den]],Conversion!$A$2:$B$50,2,0)*Table2[[#This Row],[Total Water]] -> 200 | W69: 0 | X69: =+IF(ISBLANK(Table2[[#This Row],[Brine Water]]),"",Table2[[#This Row],[Brine_m3_tonLCE_GradeOnly]]/Table2[[#This Row],[BrineWater_m3_tonLCE]])
A70: 39 | B70: 1 | D70: Mt Cattlin | E70: Mt. Cattlin | F70: 30688 | G70: Hard Rock | H70: =1.2*0.464/100 -> 0.005568 | I70: 6 | K70: 140 | L70: =+Table2[[#This Row],[Brine Water]]+Table2[[#This Row],[Freshwater]] -> 140 | M70: m3 | N70: ton LCE | O70: No | P70: Hard rock + LCE conversion | Q70: Water consumption | R70: 6 | S70: =+VLOOKUP(R70,Refs[],2,0) -> Feng et al. (2024) | T70: =IF(ISBLANK(Table2[[#This Row],[Brine Water]]),"",+VLOOKUP(Table2[[#This Row],[Unit num]]&"/"&Table2[[#This Row],[Unit den]],Conversion!$A$2:$B$50,2,0)*Table2[[#This Row],[Brine Water]]) | U70: =IF(ISBLANK(Table2[[#This Row],[Freshwater]]),"",+VLOOKUP(Table2[[#This Row],[Unit num]]&"/"&Table2[[#This Row],[Unit den]],Conversion!$A$2:$B$50,2,0)*Table2[[#This Row],[Freshwater]]) -> 140 | V70: =+VLOOKUP(Table2[[#This Row],[Unit num]]&"/"&Table2[[#This Row],[Unit den]],Conversion!$A$2:$B$50,2,0)*Table2[[#This Row],[Total Water]] -> 140 | W70: 0 | X70: =+IF(ISBLANK(Table2[[#This Row],[Brine Water]]),"",Table2[[#This Row],[Brine_m3_tonLCE_GradeOnly]]/Table2[[#This Row],[BrineWater_m3_tonLCE]])
A71: 40 | B71: 1 | D71: Mt Marion | E71: Mt. Marion | F71: 37174 | G71: Hard Rock | H71: =1.37*0.464/100 -> 0.0063568 | I71: 6 | K71: 130 | L71: =+Table2[[#This Row],[Brine Water]]+Table2[[#This Row],[Freshwater]] -> 130 | M71: m3 | N71: ton LCE | O71: No | P71: Hard rock + LCE conversion | Q71: Water consumption | R71: 6 | S71: =+VLOOKUP(R71,Refs[],2,0) -> Feng et al. (2024) | T71: =IF(ISBLANK(Table2[[#This Row],[Brine Water]]),"",+VLOOKUP(Table2[[#This Row],[Unit num]]&"/"&Table2[[#This Row],[Unit den]],Conversion!$A$2:$B$50,2,0)*Table2[[#This Row],[Brine Water]]) | U71: =IF(ISBLANK(Table2[[#This Row],[Freshwater]]),"",+VLOOKUP(Table2[[#This Row],[Unit num]]&"/"&Table2[[#This Row],[Unit den]],Conversion!$A$2:$B$50,2,0)*Table2[[#This Row],[Freshwater]]) -> 130 | V71: =+VLOOKUP(Table2[[#This Row],[Unit num]]&"/"&Table2[[#This Row],[Unit den]],Conversion!$A$2:$B$50,2,0)*Table2[[#This Row],[Total Water]] -> 130 | W71: 0 | X71: =+IF(ISBLANK(Table2[[#This Row],[Brine Water]]),"",Table2[[#This Row],[Brine_m3_tonLCE_GradeOnly]]/Table2[[#This Row],[BrineWater_m3_tonLCE]])
A72: 41 | B72: 1 | D72: Mt Wodgina | E72: Wodgina | F72: 78512 | G72: Hard Rock | H72: =1.17*0.464/100 -> 0.0054288 | I72: 6 | K72: 165 | L72: =+Table2[[#This Row],[Brine Water]]+Table2[[#This Row],[Freshwater]] -> 165 | M72: m3 | N72: ton LCE | O72: No | P72: Hard rock + LCE conversion | Q72: Water consumption | R72: 6 | S72: =+VLOOKUP(R72,Refs[],2,0) -> Feng et al. (2024) | T72: =IF(ISBLANK(Table2[[#This Row],[Brine Water]]),"",+VLOOKUP(Table2[[#This Row],[Unit num]]&"/"&Table2[[#This Row],[Unit den]],Conversion!$A$2:$B$50,2,0)*Table2[[#This Row],[Brine Water]]) | U72: =IF(ISBLANK(Table2[[#This Row],[Freshwater]]),"",+VLOOKUP(Table2[[#This Row],[Unit num]]&"/"&Table2[[#This Row],[Unit den]],Conversion!$A$2:$B$50,2,0)*Table2[[#This Row],[Freshwater]]) -> 165 | V72: =+VLOOKUP(Table2[[#This Row],[Unit num]]&"/"&Table2[[#This Row],[Unit den]],Conversion!$A$2:$B$50,2,0)*Table2[[#This Row],[Total Water]] -> 165 | W72: 0 | X72: =+IF(ISBLANK(Table2[[#This Row],[Brine Water]]),"",Table2[[#This Row],[Brine_m3_tonLCE_GradeOnly]]/Table2[[#This Row],[BrineWater_m3_tonLCE]])
A73: 42 | B73: 1 | D73: Pilgangoora | E73: Pilgangoora | F73: 51956 | G73: Hard Rock | H73: =1.1*0.464/100 -> 0.005104 | I73: 6 | K73: 160 | L73: =+Table2[[#This Row],[Brine Water]]+Table2[[#This Row],[Freshwater]] -> 160 | M73: m3 | N73: ton LCE | O73: No | P73: Hard rock + LCE conversion | Q73: Water consumption | R73: 6 | S73: =+VLOOKUP(R73,Refs[],2,0) -> Feng et al. (2024) | T73: =IF(ISBLANK(Table2[[#This Row],[Brine Water]]),"",+VLOOKUP(Table2[[#This Row],[Unit num]]&"/"&Table2[[#This Row],[Unit den]],Conversion!$A$2:$B$50,2,0)*Table2[[#This Row],[Brine Water]]) | U73: =IF(ISBLANK(Table2[[#This Row],[Freshwater]]),"",+VLOOKUP(Table2[[#This Row],[Unit num]]&"/"&Table2[[#This Row],[Unit den]],Conversion!$A$2:$B$50,2,0)*Table2[[#This Row],[Freshwater]]) -> 160 | V73: =+VLOOKUP(Table2[[#This Row],[Unit num]]&"/"&Table2[[#This Row],[Unit den]],Conversion!$A$2:$B$50,2,0)*Table2[[#This Row],[Total Water]] -> 160 | W73: 0 | X73: =+IF(ISBLANK(Table2[[#This Row],[Brine Water]]),"",Table2[[#This Row],[Brine_m3_tonLCE_GradeOnly]]/Table2[[#This Row],[BrineWater_m3_tonLCE]])
A74: 47 | B74: 1 | D74: Keliber-Syvajarvi (Finland) | E74: Ostrobothnia (All Projects) | F74: 37614 | G74: Hard Rock | H74: 0.004 | I74: Li Article | K74: 35 | L74: =+Table2[[#This Row],[Brine Water]]+Table2[[#This Row],[Freshwater]] -> 35 | M74: kg | N74: kg LiOH.H2O | O74: No | Q74: GREET authors | R74: 8 | S74: =+VLOOKUP(R74,Refs[],2,0) -> Iyer, Kelly & Wang (2026) | T74: =IF(ISBLANK(Table2[[#This Row],[Brine Water]]),"",+VLOOKUP(Table2[[#This Row],[Unit num]]&"/"&Table2[[#This Row],[Unit den]],Conversion!$A$2:$B$50,2,0)*Table2[[#This Row],[Brine Water]]) | U74: =IF(ISBLANK(Table2[[#This Row],[Freshwater]]),"",+VLOOKUP(Table2[[#This Row],[Unit num]]&"/"&Table2[[#This Row],[Unit den]],Conversion!$A$2:$B$50,2,0)*Table2[[#This Row],[Freshwater]]) -> 39.736603 | V74: =+VLOOKUP(Table2[[#This Row],[Unit num]]&"/"&Table2[[#This Row],[Unit den]],Conversion!$A$2:$B$50,2,0)*Table2[[#This Row],[Total Water]] -> 39.736603 | W74: 0 | X74: =+IF(ISBLANK(Table2[[#This Row],[Brine Water]]),"",Table2[[#This Row],[Brine_m3_tonLCE_GradeOnly]]/Table2[[#This Row],[BrineWater_m3_tonLCE]])
A75: 59 | B75: 1 | D75: Hard rock high grade | F75: #N/A | G75: Hard Rock | H75: 0.01685 | I75: 13 | K75: =52.17-45.48 -> 6.69 | L75: =+Table2[[#This Row],[Brine Water]]+Table2[[#This Row],[Freshwater]] -> 6.69 | M75: kg | N75: kg LCE Battery grade | O75: No | P75: Simulation based (Greenbushes). Includes water emmissions to system | R75: 13 | S75: =+VLOOKUP(R75,Refs[],2,0) -> Mas-Fons et al. (2024) | T75: =IF(ISBLANK(Table2[[#This Row],[Brine Water]]),"",+VLOOKUP(Table2[[#This Row],[Unit num]]&"/"&Table2[[#This Row],[Unit den]],Conversion!$A$2:$B$50,2,0)*Table2[[#This Row],[Brine Water]]) | U75: =IF(ISBLANK(Table2[[#This Row],[Freshwater]]),"",+VLOOKUP(Table2[[#This Row],[Unit num]]&"/"&Table2[[#This Row],[Unit den]],Conversion!$A$2:$B$50,2,0)*Table2[[#This Row],[Freshwater]]) -> 6.69 | V75: =+VLOOKUP(Table2[[#This Row],[Unit num]]&"/"&Table2[[#This Row],[Unit den]],Conversion!$A$2:$B$50,2,0)*Table2[[#This Row],[Total Water]] -> 6.69 | W75: 0 | X75: =+IF(ISBLANK(Table2[[#This Row],[Brine Water]]),"",Table2[[#This Row],[Brine_m3_tonLCE_GradeOnly]]/Table2[[#This Row],[BrineWater_m3_tonLCE]])
A76: 60 | B76: 1 | D76: Hard rock medium grade | F76: #N/A | G76: Hard Rock | H76: 0.007605 | I76: 13 | K76: =85.11-73.98 -> 11.13 | L76: =+Table2[[#This Row],[Brine Water]]+Table2[[#This Row],[Freshwater]] -> 11.13 | M76: kg | N76: kg LCE Battery grade | O76: No | P76: Simulation based (Greenbushes). Includes water emmissions to system | R76: 13 | S76: =+VLOOKUP(R76,Refs[],2,0) -> Mas-Fons et al. (2024) | T76: =IF(ISBLANK(Table2[[#This Row],[Brine Water]]),"",+VLOOKUP(Table2[[#This Row],[Unit num]]&"/"&Table2[[#This Row],[Unit den]],Conversion!$A$2:$B$50,2,0)*Table2[[#This Row],[Brine Water]]) | U76: =IF(ISBLANK(Table2[[#This Row],[Freshwater]]),"",+VLOOKUP(Table2[[#This Row],[Unit num]]&"/"&Table2[[#This Row],[Unit den]],Conversion!$A$2:$B$50,2,0)*Table2[[#This Row],[Freshwater]]) -> 11.13 | V76: =+VLOOKUP(Table2[[#This Row],[Unit num]]&"/"&Table2[[#This Row],[Unit den]],Conversion!$A$2:$B$50,2,0)*Table2[[#This Row],[Total Water]] -> 11.13 | W76: 0 | X76: =+IF(ISBLANK(Table2[[#This Row],[Brine Water]]),"",Table2[[#This Row],[Brine_m3_tonLCE_GradeOnly]]/Table2[[#This Row],[BrineWater_m3_tonLCE]])
A77: 61 | B77: 1 | D77: Hard rock low grade | F77: #N/A | G77: Hard Rock | H77: 0.003008 | I77: 13 | K77: =215.58-191.56 -> 24.02 | L77: =+Table2[[#This Row],[Brine Water]]+Table2[[#This Row],[Freshwater]] -> 24.02 | M77: kg | N77: kg LCE Battery grade | O77: No | P77: Simulation based (Greenbushes). Includes water emmissions to system | R77: 13 | S77: =+VLOOKUP(R77,Refs[],2,0) -> Mas-Fons et al. (2024) | T77: =IF(ISBLANK(Table2[[#This Row],[Brine Water]]),"",+VLOOKUP(Table2[[#This Row],[Unit num]]&"/"&Table2[[#This Row],[Unit den]],Conversion!$A$2:$B$50,2,0)*Table2[[#This Row],[Brine Water]]) | U77: =IF(ISBLANK(Table2[[#This Row],[Freshwater]]),"",+VLOOKUP(Table2[[#This Row],[Unit num]]&"/"&Table2[[#This Row],[Unit den]],Conversion!$A$2:$B$50,2,0)*Table2[[#This Row],[Freshwater]]) -> 24.02 | V77: =+VLOOKUP(Table2[[#This Row],[Unit num]]&"/"&Table2[[#This Row],[Unit den]],Conversion!$A$2:$B$50,2,0)*Table2[[#This Row],[Total Water]] -> 24.02 | W77: 0 | X77: =+IF(ISBLANK(Table2[[#This Row],[Brine Water]]),"",Table2[[#This Row],[Brine_m3_tonLCE_GradeOnly]]/Table2[[#This Row],[BrineWater_m3_tonLCE]])
A78: 65 | B78: 1 | D78: Greenbushes | E78: Greenbushes | F78: 37326 | G78: Hard Rock | H78: =2*0.464/100 -> 0.00928 | I78: Li Article | K78: 61 | L78: =+Table2[[#This Row],[Brine Water]]+Table2[[#This Row],[Freshwater]] -> 61 | M78: m3 | N78: ton Li | O78: No | P78: Freshwater | R78: 14 | S78: =+VLOOKUP(R78,Refs[],2,0) -> Sun et al. (2024) | T78: =IF(ISBLANK(Table2[[#This Row],[Brine Water]]),"",+VLOOKUP(Table2[[#This Row],[Unit num]]&"/"&Table2[[#This Row],[Unit den]],Conversion!$A$2:$B$50,2,0)*Table2[[#This Row],[Brine Water]]) | U78: =IF(ISBLANK(Table2[[#This Row],[Freshwater]]),"",+VLOOKUP(Table2[[#This Row],[Unit num]]&"/"&Table2[[#This Row],[Unit den]],Conversion!$A$2:$B$50,2,0)*Table2[[#This Row],[Freshwater]]) -> 11.459703 | V78: =+VLOOKUP(Table2[[#This Row],[Unit num]]&"/"&Table2[[#This Row],[Unit den]],Conversion!$A$2:$B$50,2,0)*Table2[[#This Row],[Total Water]] -> 11.459703 | W78: 0 | X78: =+IF(ISBLANK(Table2[[#This Row],[Brine Water]]),"",Table2[[#This Row],[Brine_m3_tonLCE_GradeOnly]]/Table2[[#This Row],[BrineWater_m3_tonLCE]])
A79: 66 | B79: 1 | D79: Mt Marion | E79: Mt. Marion | F79: 37174 | G79: Hard Rock | H79: =1.37*0.464/100 -> 0.0063568 | I79: Li Article | K79: 61 | L79: =+Table2[[#This Row],[Brine Water]]+Table2[[#This Row],[Freshwater]] -> 61 | M79: m3 | N79: ton Li | O79: No | P79: Freshwater | R79: 14 | S79: =+VLOOKUP(R79,Refs[],2,0) -> Sun et al. (2024) | T79: =IF(ISBLANK(Table2[[#This Row],[Brine Water]]),"",+VLOOKUP(Table2[[#This Row],[Unit num]]&"/"&Table2[[#This Row],[Unit den]],Conversion!$A$2:$B$50,2,0)*Table2[[#This Row],[Brine Water]]) | U79: =IF(ISBLANK(Table2[[#This Row],[Freshwater]]),"",+VLOOKUP(Table2[[#This Row],[Unit num]]&"/"&Table2[[#This Row],[Unit den]],Conversion!$A$2:$B$50,2,0)*Table2[[#This Row],[Freshwater]]) -> 11.459703 | V79: =+VLOOKUP(Table2[[#This Row],[Unit num]]&"/"&Table2[[#This Row],[Unit den]],Conversion!$A$2:$B$50,2,0)*Table2[[#This Row],[Total Water]] -> 11.459703 | W79: 0 | X79: =+IF(ISBLANK(Table2[[#This Row],[Brine Water]]),"",Table2[[#This Row],[Brine_m3_tonLCE_GradeOnly]]/Table2[[#This Row],[BrineWater_m3_tonLCE]])
A80: 67 | B80: 1 | D80: Wodgina | E80: Wodgina | F80: 78512 | G80: Hard Rock | H80: =1.17*0.464/100 -> 0.0054288 | I80: Li Article | K80: 61 | L80: =+Table2[[#This Row],[Brine Water]]+Table2[[#This Row],[Freshwater]] -> 61 | M80: m3 | N80: ton Li | O80: No | P80: Freshwater | R80: 14 | S80: =+VLOOKUP(R80,Refs[],2,0) -> Sun et al. (2024) | T80: =IF(ISBLANK(Table2[[#This Row],[Brine Water]]),"",+VLOOKUP(Table2[[#This Row],[Unit num]]&"/"&Table2[[#This Row],[Unit den]],Conversion!$A$2:$B$50,2,0)*Table2[[#This Row],[Brine Water]]) | U80: =IF(ISBLANK(Table2[[#This Row],[Freshwater]]),"",+VLOOKUP(Table2[[#This Row],[Unit num]]&"/"&Table2[[#This Row],[Unit den]],Conversion!$A$2:$B$50,2,0)*Table2[[#This Row],[Freshwater]]) -> 11.459703 | V80: =+VLOOKUP(Table2[[#This Row],[Unit num]]&"/"&Table2[[#This Row],[Unit den]],Conversion!$A$2:$B$50,2,0)*Table2[[#This Row],[Total Water]] -> 11.459703 | W80: 0 | X80: =+IF(ISBLANK(Table2[[#This Row],[Brine Water]]),"",Table2[[#This Row],[Brine_m3_tonLCE_GradeOnly]]/Table2[[#This Row],[BrineWater_m3_tonLCE]])
A81: 68 | B81: 1 | D81: Mt Cattlin | E81: Mt. Cattlin | F81: 30688 | G81: Hard Rock | H81: =1.2*0.464/100 -> 0.005568 | I81: Li Article | K81: 61 | L81: =+Table2[[#This Row],[Brine Water]]+Table2[[#This Row],[Freshwater]] -> 61 | M81: m3 | N81: ton Li | O81: No | P81: Freshwater | R81: 14 | S81: =+VLOOKUP(R81,Refs[],2,0) -> Sun et al. (2024) | T81: =IF(ISBLANK(Table2[[#This Row],[Brine Water]]),"",+VLOOKUP(Table2[[#This Row],[Unit num]]&"/"&Table2[[#This Row],[Unit den]],Conversion!$A$2:$B$50,2,0)*Table2[[#This Row],[Brine Water]]) | U81: =IF(ISBLANK(Table2[[#This Row],[Freshwater]]),"",+VLOOKUP(Table2[[#This Row],[Unit num]]&"/"&Table2[[#This Row],[Unit den]],Conversion!$A$2:$B$50,2,0)*Table2[[#This Row],[Freshwater]]) -> 11.459703 | V81: =+VLOOKUP(Table2[[#This Row],[Unit num]]&"/"&Table2[[#This Row],[Unit den]],Conversion!$A$2:$B$50,2,0)*Table2[[#This Row],[Total Water]] -> 11.459703 | W81: 0 | X81: =+IF(ISBLANK(Table2[[#This Row],[Brine Water]]),"",Table2[[#This Row],[Brine_m3_tonLCE_GradeOnly]]/Table2[[#This Row],[BrineWater_m3_tonLCE]])
A82: 69 | B82: 1 | D82: Pilgangoora | E82: Pilgangoora | F82: 51956 | G82: Hard Rock | H82: =1.19*0.464/100 -> 0.0055216 | I82: Li Article | K82: 61 | L82: =+Table2[[#This Row],[Brine Water]]+Table2[[#This Row],[Freshwater]] -> 61 | M82: m3 | N82: ton Li | O82: No | P82: Freshwater | R82: 14 | S82: =+VLOOKUP(R82,Refs[],2,0) -> Sun et al. (2024) | T82: =IF(ISBLANK(Table2[[#This Row],[Brine Water]]),"",+VLOOKUP(Table2[[#This Row],[Unit num]]&"/"&Table2[[#This Row],[Unit den]],Conversion!$A$2:$B$50,2,0)*Table2[[#This Row],[Brine Water]]) | U82: =IF(ISBLANK(Table2[[#This Row],[Freshwater]]),"",+VLOOKUP(Table2[[#This Row],[Unit num]]&"/"&Table2[[#This Row],[Unit den]],Conversion!$A$2:$B$50,2,0)*Table2[[#This Row],[Freshwater]]) -> 11.459703 | V82: =+VLOOKUP(Table2[[#This Row],[Unit num]]&"/"&Table2[[#This Row],[Unit den]],Conversion!$A$2:$B$50,2,0)*Table2[[#This Row],[Total Water]] -> 11.459703 | W82: 0 | X82: =+IF(ISBLANK(Table2[[#This Row],[Brine Water]]),"",Table2[[#This Row],[Brine_m3_tonLCE_GradeOnly]]/Table2[[#This Row],[BrineWater_m3_tonLCE]])
A83: 70 | B83: 1 | D83: Bald Hill | E83: Bald Hill | F83: 32119 | G83: Hard Rock | H83: =1.01*0.464/100 -> 0.0046864 | I83: Li Article | K83: 61 | L83: =+Table2[[#This Row],[Brine Water]]+Table2[[#This Row],[Freshwater]] -> 61 | M83: m3 | N83: ton Li | O83: No | P83: Freshwater | R83: 14 | S83: =+VLOOKUP(R83,Refs[],2,0) -> Sun et al. (2024) | T83: =IF(ISBLANK(Table2[[#This Row],[Brine Water]]),"",+VLOOKUP(Table2[[#This Row],[Unit num]]&"/"&Table2[[#This Row],[Unit den]],Conversion!$A$2:$B$50,2,0)*Table2[[#This Row],[Brine Water]]) | U83: =IF(ISBLANK(Table2[[#This Row],[Freshwater]]),"",+VLOOKUP(Table2[[#This Row],[Unit num]]&"/"&Table2[[#This Row],[Unit den]],Conversion!$A$2:$B$50,2,0)*Table2[[#This Row],[Freshwater]]) -> 11.459703 | V83: =+VLOOKUP(Table2[[#This Row],[Unit num]]&"/"&Table2[[#This Row],[Unit den]],Conversion!$A$2:$B$50,2,0)*Table2[[#This Row],[Total Water]] -> 11.459703 | W83: 0 | X83: =+IF(ISBLANK(Table2[[#This Row],[Brine Water]]),"",Table2[[#This Row],[Brine_m3_tonLCE_GradeOnly]]/Table2[[#This Row],[BrineWater_m3_tonLCE]])
A84: 76 | B84: 1 | D84: Nemaska Lithium | E84: Whabouchi | F84: 37507 | G84: Hard Rock | H84: =1.3*0.464/100 -> 0.006032 | I84: Li Article | K84: 54 | L84: =+Table2[[#This Row],[Brine Water]]+Table2[[#This Row],[Freshwater]] -> 54 | M84: m3 | N84: ton Li | O84: No | P84: Freshwater | Q84: Originally from Chordia 2022 | R84: 14 | S84: =+VLOOKUP(R84,Refs[],2,0) -> Sun et al. (2024) | T84: =IF(ISBLANK(Table2[[#This Row],[Brine Water]]),"",+VLOOKUP(Table2[[#This Row],[Unit num]]&"/"&Table2[[#This Row],[Unit den]],Conversion!$A$2:$B$50,2,0)*Table2[[#This Row],[Brine Water]]) | U84: =IF(ISBLANK(Table2[[#This Row],[Freshwater]]),"",+VLOOKUP(Table2[[#This Row],[Unit num]]&"/"&Table2[[#This Row],[Unit den]],Conversion!$A$2:$B$50,2,0)*Table2[[#This Row],[Freshwater]]) -> 10.144655 | V84: =+VLOOKUP(Table2[[#This Row],[Unit num]]&"/"&Table2[[#This Row],[Unit den]],Conversion!$A$2:$B$50,2,0)*Table2[[#This Row],[Total Water]] -> 10.144655 | W84: 0 | X84: =+IF(ISBLANK(Table2[[#This Row],[Brine Water]]),"",Table2[[#This Row],[Brine_m3_tonLCE_GradeOnly]]/Table2[[#This Row],[BrineWater_m3_tonLCE]])
A85: 77 | B85: 1 | C85: Machine learning | D85: Grota do Cirilo | E85: Grota de Cirilo ( Xuxa) | F85: 82881 | G85: Hard Rock | H85: =1.45*0.464/100 -> 0.006728 | I85: 14 | K85: 79 | L85: =+Table2[[#This Row],[Brine Water]]+Table2[[#This Row],[Freshwater]] -> 79 | M85: m3 | N85: ton Li | O85: No | P85: Freshwater | Q85: Machine learning | R85: 14 | S85: =+VLOOKUP(R85,Refs[],2,0) -> Sun et al. (2024) | T85: =IF(ISBLANK(Table2[[#This Row],[Brine Water]]),"",+VLOOKUP(Table2[[#This Row],[Unit num]]&"/"&Table2[[#This Row],[Unit den]],Conversion!$A$2:$B$50,2,0)*Table2[[#This Row],[Brine Water]]) | U85: =IF(ISBLANK(Table2[[#This Row],[Freshwater]]),"",+VLOOKUP(Table2[[#This Row],[Unit num]]&"/"&Table2[[#This Row],[Unit den]],Conversion!$A$2:$B$50,2,0)*Table2[[#This Row],[Freshwater]]) -> 14.841255 | V85: =+VLOOKUP(Table2[[#This Row],[Unit num]]&"/"&Table2[[#This Row],[Unit den]],Conversion!$A$2:$B$50,2,0)*Table2[[#This Row],[Total Water]] -> 14.841255 | W85: 0 | X85: =+IF(ISBLANK(Table2[[#This Row],[Brine Water]]),"",Table2[[#This Row],[Brine_m3_tonLCE_GradeOnly]]/Table2[[#This Row],[BrineWater_m3_tonLCE]])
A86: 78 | B86: 1 | C86: Machine learning | D86: Mina do Barroso | E86: Mina Do Barroso | F86: 78963 | G86: Hard Rock | H86: =1.04*0.464/100 -> 0.0048256 | I86: 14 | K86: 164 | L86: =+Table2[[#This Row],[Brine Water]]+Table2[[#This Row],[Freshwater]] -> 164 | M86: m3 | N86: ton Li | O86: No | P86: Freshwater | Q86: Machine learning | R86: 14 | S86: =+VLOOKUP(R86,Refs[],2,0) -> Sun et al. (2024) | T86: =IF(ISBLANK(Table2[[#This Row],[Brine Water]]),"",+VLOOKUP(Table2[[#This Row],[Unit num]]&"/"&Table2[[#This Row],[Unit den]],Conversion!$A$2:$B$50,2,0)*Table2[[#This Row],[Brine Water]]) | U86: =IF(ISBLANK(Table2[[#This Row],[Freshwater]]),"",+VLOOKUP(Table2[[#This Row],[Unit num]]&"/"&Table2[[#This Row],[Unit den]],Conversion!$A$2:$B$50,2,0)*Table2[[#This Row],[Freshwater]]) -> 30.809694 | V86: =+VLOOKUP(Table2[[#This Row],[Unit num]]&"/"&Table2[[#This Row],[Unit den]],Conversion!$A$2:$B$50,2,0)*Table2[[#This Row],[Total Water]] -> 30.809694 | W86: 0 | X86: =+IF(ISBLANK(Table2[[#This Row],[Brine Water]]),"",Table2[[#This Row],[Brine_m3_tonLCE_GradeOnly]]/Table2[[#This Row],[BrineWater_m3_tonLCE]])
A87: 79 | B87: 1 | D87: Arcadia | E87: Arcadia | F87: 77458 | G87: Hard Rock | H87: =1.19*0.464/100 -> 0.0055216 | I87: 14 | K87: 133 | L87: =+Table2[[#This Row],[Brine Water]]+Table2[[#This Row],[Freshwater]] -> 133 | M87: m3 | N87: ton Li | O87: No | P87: Freshwater | Q87: Machine learning | R87: 14 | S87: =+VLOOKUP(R87,Refs[],2,0) -> Sun et al. (2024) | T87: =IF(ISBLANK(Table2[[#This Row],[Brine Water]]),"",+VLOOKUP(Table2[[#This Row],[Unit num]]&"/"&Table2[[#This Row],[Unit den]],Conversion!$A$2:$B$50,2,0)*Table2[[#This Row],[Brine Water]]) | U87: =IF(ISBLANK(Table2[[#This Row],[Freshwater]]),"",+VLOOKUP(Table2[[#This Row],[Unit num]]&"/"&Table2[[#This Row],[Unit den]],Conversion!$A$2:$B$50,2,0)*Table2[[#This Row],[Freshwater]]) -> 24.98591 | V87: =+VLOOKUP(Table2[[#This Row],[Unit num]]&"/"&Table2[[#This Row],[Unit den]],Conversion!$A$2:$B$50,2,0)*Table2[[#This Row],[Total Water]] -> 24.98591 | W87: 0 | X87: =+IF(ISBLANK(Table2[[#This Row],[Brine Water]]),"",Table2[[#This Row],[Brine_m3_tonLCE_GradeOnly]]/Table2[[#This Row],[BrineWater_m3_tonLCE]])
A88: 84 | B88: 0 | C88: Country averages | D88: Brazil | F88: #N/A | G88: Hard Rock | K88: 62 | L88: =+Table2[[#This Row],[Brine Water]]+Table2[[#This Row],[Freshwater]] -> 62 | M88: ton | N88: ton LCE | O88: No | P88: Freshwater | R88: 15 | S88: =+VLOOKUP(R88,Refs[],2,0) -> Orquera et al. (2026) | T88: =IF(ISBLANK(Table2[[#This Row],[Brine Water]]),"",+VLOOKUP(Table2[[#This Row],[Unit num]]&"/"&Table2[[#This Row],[Unit den]],Conversion!$A$2:$B$50,2,0)*Table2[[#This Row],[Brine Water]]) | U88: =IF(ISBLANK(Table2[[#This Row],[Freshwater]]),"",+VLOOKUP(Table2[[#This Row],[Unit num]]&"/"&Table2[[#This Row],[Unit den]],Conversion!$A$2:$B$50,2,0)*Table2[[#This Row],[Freshwater]]) -> 62 | V88: =+VLOOKUP(Table2[[#This Row],[Unit num]]&"/"&Table2[[#This Row],[Unit den]],Conversion!$A$2:$B$50,2,0)*Table2[[#This Row],[Total Water]] -> 62 | W88: =IF(ISNUMBER(FIND("Brine",Table2[[#This Row],[Type]])),1/Table2[[#This Row],[Grade ore Li%]]/5.323,"") | X88: =+IF(ISBLANK(Table2[[#This Row],[Brine Water]]),"",Table2[[#This Row],[Brine_m3_tonLCE_GradeOnly]]/Table2[[#This Row],[BrineWater_m3_tonLCE]])
A89: 43 | B89: 0 | C89: Low | D89: Thacker Pass | E89: Thacker Pass | F89: 36750 | G89: Volcano-Sedimentary | H89: =3160/1000000 -> 0.00316 | I89: Li Article | K89: 0.1 | L89: =+Table2[[#This Row],[Brine Water]]+Table2[[#This Row],[Freshwater]] -> 0.1 | M89: kg | N89: kg LCE | O89: No | Q89: GREET authors | R89: 7 | S89: =+VLOOKUP(R89,Refs[],2,0) -> Iyer & Kelly (2024) | T89: =IF(ISBLANK(Table2[[#This Row],[Brine Water]]),"",+VLOOKUP(Table2[[#This Row],[Unit num]]&"/"&Table2[[#This Row],[Unit den]],Conversion!$A$2:$B$50,2,0)*Table2[[#This Row],[Brine Water]]) | U89: =IF(ISBLANK(Table2[[#This Row],[Freshwater]]),"",+VLOOKUP(Table2[[#This Row],[Unit num]]&"/"&Table2[[#This Row],[Unit den]],Conversion!$A$2:$B$50,2,0)*Table2[[#This Row],[Freshwater]]) -> 0.1 | V89: =+VLOOKUP(Table2[[#This Row],[Unit num]]&"/"&Table2[[#This Row],[Unit den]],Conversion!$A$2:$B$50,2,0)*Table2[[#This Row],[Total Water]] -> 0.1 | W89: =IF(ISNUMBER(FIND("Brine",Table2[[#This Row],[Type]])),1/Table2[[#This Row],[Grade ore Li%]]/5.323,"") | X89: =+IF(ISBLANK(Table2[[#This Row],[Brine Water]]),"",Table2[[#This Row],[Brine_m3_tonLCE_GradeOnly]]/Table2[[#This Row],[BrineWater_m3_tonLCE]])
A90: 44 | B90: 1 | D90: Tonopah lithium | E90: TLC | F90: 78320 | G90: Volcano-Sedimentary | H90: =924/1000000 -> 0.000924 | I90: https://americanlithiumcorp.com/wp-content/uploads/2023/05/PEA-Report-TLC.pdf | K90: 147.4 | L90: =+Table2[[#This Row],[Brine Water]]+Table2[[#This Row],[Freshwater]] -> 147.4 | M90: kg | N90: kg LCE | O90: No | Q90: GREET authors | R90: 7 | S90: =+VLOOKUP(R90,Refs[],2,0) -> Iyer & Kelly (2024) | T90: =IF(ISBLANK(Table2[[#This Row],[Brine Water]]),"",+VLOOKUP(Table2[[#This Row],[Unit num]]&"/"&Table2[[#This Row],[Unit den]],Conversion!$A$2:$B$50,2,0)*Table2[[#This Row],[Brine Water]]) | U90: =IF(ISBLANK(Table2[[#This Row],[Freshwater]]),"",+VLOOKUP(Table2[[#This Row],[Unit num]]&"/"&Table2[[#This Row],[Unit den]],Conversion!$A$2:$B$50,2,0)*Table2[[#This Row],[Freshwater]]) -> 147.4 | V90: =+VLOOKUP(Table2[[#This Row],[Unit num]]&"/"&Table2[[#This Row],[Unit den]],Conversion!$A$2:$B$50,2,0)*Table2[[#This Row],[Total Water]] -> 147.4 | W90: 0 | X90: =+IF(ISBLANK(Table2[[#This Row],[Brine Water]]),"",Table2[[#This Row],[Brine_m3_tonLCE_GradeOnly]]/Table2[[#This Row],[BrineWater_m3_tonLCE]])
A91: 48 | B91: 1 | D91: Sonora | E91: Sonora | F91: 38320 | G91: Volcano-Sedimentary | H91: 0.0035 | I91: 9 | K91: 171.7 | L91: =+Table2[[#This Row],[Brine Water]]+Table2[[#This Row],[Freshwater]] -> 171.7 | M91: m3 | N91: ton LCE | O91: No | P91: Share: 31.9% Water, 31.6% Soda ash, 13.9% electricity, 9.5% sulfuric acid | Q91: Water consumption | R91: 9 | S91: =+VLOOKUP(R91,Refs[],2,0) -> Khakmardan et al. (2024) | T91: =IF(ISBLANK(Table2[[#This Row],[Brine Water]]),"",+VLOOKUP(Table2[[#This Row],[Unit num]]&"/"&Table2[[#This Row],[Unit den]],Conversion!$A$2:$B$50,2,0)*Table2[[#This Row],[Brine Water]]) | U91: =IF(ISBLANK(Table2[[#This Row],[Freshwater]]),"",+VLOOKUP(Table2[[#This Row],[Unit num]]&"/"&Table2[[#This Row],[Unit den]],Conversion!$A$2:$B$50,2,0)*Table2[[#This Row],[Freshwater]]) -> 171.7 | V91: =+VLOOKUP(Table2[[#This Row],[Unit num]]&"/"&Table2[[#This Row],[Unit den]],Conversion!$A$2:$B$50,2,0)*Table2[[#This Row],[Total Water]] -> 171.7 | W91: 0 | X91: =+IF(ISBLANK(Table2[[#This Row],[Brine Water]]),"",Table2[[#This Row],[Brine_m3_tonLCE_GradeOnly]]/Table2[[#This Row],[BrineWater_m3_tonLCE]])
A92: 49 | B92: 1 | D92: Falchani | E92: Falchani | F92: #N/A | G92: Volcano-Sedimentary | H92: 0.0033 | I92: 9 | K92: 1011.6 | L92: =+Table2[[#This Row],[Brine Water]]+Table2[[#This Row],[Freshwater]] -> 1011.6 | M92: m3 | N92: ton LCE | O92: No | P92: Share: 8.7% Water, 0% Soda ash, 44.3% electricity, 41.8% sulfuric acid | Q92: Water consumption | R92: 9 | S92: =+VLOOKUP(R92,Refs[],2,0) -> Khakmardan et al. (2024) | T92: =IF(ISBLANK(Table2[[#This Row],[Brine Water]]),"",+VLOOKUP(Table2[[#This Row],[Unit num]]&"/"&Table2[[#This Row],[Unit den]],Conversion!$A$2:$B$50,2,0)*Table2[[#This Row],[Brine Water]]) | U92: =IF(ISBLANK(Table2[[#This Row],[Freshwater]]),"",+VLOOKUP(Table2[[#This Row],[Unit num]]&"/"&Table2[[#This Row],[Unit den]],Conversion!$A$2:$B$50,2,0)*Table2[[#This Row],[Freshwater]]) -> 1011.6 | V92: =+VLOOKUP(Table2[[#This Row],[Unit num]]&"/"&Table2[[#This Row],[Unit den]],Conversion!$A$2:$B$50,2,0)*Table2[[#This Row],[Total Water]] -> 1011.6 | W92: 0 | X92: =+IF(ISBLANK(Table2[[#This Row],[Brine Water]]),"",Table2[[#This Row],[Brine_m3_tonLCE_GradeOnly]]/Table2[[#This Row],[BrineWater_m3_tonLCE]])
A93: 50 | B93: 1 | D93: Thacker Pass | E93: Thacker Pass | F93: 36750 | G93: Volcano-Sedimentary | H93: 0.0032 | I93: 9 | K93: 847.5 | L93: =+Table2[[#This Row],[Brine Water]]+Table2[[#This Row],[Freshwater]] -> 847.5 | M93: m3 | N93: ton LCE | O93: No | P93: Share: 18.1% Water, 10.1% Soda ash, 0% electricity, 62.1% sulfuric acid | Q93: Water consumption | R93: 9 | S93: =+VLOOKUP(R93,Refs[],2,0) -> Khakmardan et al. (2024) | T93: =IF(ISBLANK(Table2[[#This Row],[Brine Water]]),"",+VLOOKUP(Table2[[#This Row],[Unit num]]&"/"&Table2[[#This Row],[Unit den]],Conversion!$A$2:$B$50,2,0)*Table2[[#This Row],[Brine Water]]) | U93: =IF(ISBLANK(Table2[[#This Row],[Freshwater]]),"",+VLOOKUP(Table2[[#This Row],[Unit num]]&"/"&Table2[[#This Row],[Unit den]],Conversion!$A$2:$B$50,2,0)*Table2[[#This Row],[Freshwater]]) -> 847.5 | V93: =+VLOOKUP(Table2[[#This Row],[Unit num]]&"/"&Table2[[#This Row],[Unit den]],Conversion!$A$2:$B$50,2,0)*Table2[[#This Row],[Total Water]] -> 847.5 | W93: 0 | X93: =+IF(ISBLANK(Table2[[#This Row],[Brine Water]]),"",Table2[[#This Row],[Brine_m3_tonLCE_GradeOnly]]/Table2[[#This Row],[BrineWater_m3_tonLCE]])
A94: 53 | B94: 1 | D94: Nevada sedimentary projects | E94: #N/A | F94: #N/A | G94: Volcano-Sedimentary | H94: =+(600+3130)/2/1000000 -> 0.001865 | I94: 11 | K94: 130 | L94: =+Table2[[#This Row],[Brine Water]]+Table2[[#This Row],[Freshwater]] -> 130 | M94: m3 | N94: ton LCE | O94: No | R94: 11 | S94: =+VLOOKUP(R94,Refs[],2,0) -> Mousavinezhad et al. (2025) | T94: =IF(ISBLANK(Table2[[#This Row],[Brine Water]]),"",+VLOOKUP(Table2[[#This Row],[Unit num]]&"/"&Table2[[#This Row],[Unit den]],Conversion!$A$2:$B$50,2,0)*Table2[[#This Row],[Brine Water]]) | U94: =IF(ISBLANK(Table2[[#This Row],[Freshwater]]),"",+VLOOKUP(Table2[[#This Row],[Unit num]]&"/"&Table2[[#This Row],[Unit den]],Conversion!$A$2:$B$50,2,0)*Table2[[#This Row],[Freshwater]]) -> 130 | V94: =+VLOOKUP(Table2[[#This Row],[Unit num]]&"/"&Table2[[#This Row],[Unit den]],Conversion!$A$2:$B$50,2,0)*Table2[[#This Row],[Total Water]] -> 130 | W94: 0 | X94: =+IF(ISBLANK(Table2[[#This Row],[Brine Water]]),"",Table2[[#This Row],[Brine_m3_tonLCE_GradeOnly]]/Table2[[#This Row],[BrineWater_m3_tonLCE]])
A95: 54 | B95: 1 | D95: Mc Dermitt Caldera | E95: McDermitt | F95: 59768 | G95: Volcano-Sedimentary | H95: =1340/1000000 -> 0.00134 | I95: Li Article | K95: 95.07 | L95: =+Table2[[#This Row],[Brine Water]]+Table2[[#This Row],[Freshwater]] -> 95.07 | M95: kg | N95: kg LCE | O95: No | P95: Nevada clay | R95: 12 | S95: =+VLOOKUP(R95,Refs[],2,0) -> Roy et al. (2024) | T95: =IF(ISBLANK(Table2[[#This Row],[Brine Water]]),"",+VLOOKUP(Table2[[#This Row],[Unit num]]&"/"&Table2[[#This Row],[Unit den]],Conversion!$A$2:$B$50,2,0)*Table2[[#This Row],[Brine Water]]) | U95: =IF(ISBLANK(Table2[[#This Row],[Freshwater]]),"",+VLOOKUP(Table2[[#This Row],[Unit num]]&"/"&Table2[[#This Row],[Unit den]],Conversion!$A$2:$B$50,2,0)*Table2[[#This Row],[Freshwater]]) -> 95.07 | V95: =+VLOOKUP(Table2[[#This Row],[Unit num]]&"/"&Table2[[#This Row],[Unit den]],Conversion!$A$2:$B$50,2,0)*Table2[[#This Row],[Total Water]] -> 95.07 | W95: 0 | X95: =+IF(ISBLANK(Table2[[#This Row],[Brine Water]]),"",Table2[[#This Row],[Brine_m3_tonLCE_GradeOnly]]/Table2[[#This Row],[BrineWater_m3_tonLCE]])
A96: 55 | B96: 1 | D96: Thacker Pass | E96: Thacker Pass | F96: 36750 | G96: Volcano-Sedimentary | H96: 0.00316 | I96: Li Article | K96: 100.1 | L96: =+Table2[[#This Row],[Brine Water]]+Table2[[#This Row],[Freshwater]] -> 100.1 | M96: kg | N96: kg LCE | O96: No | R96: 12 | S96: =+VLOOKUP(R96,Refs[],2,0) -> Roy et al. (2024) | T96: =IF(ISBLANK(Table2[[#This Row],[Brine Water]]),"",+VLOOKUP(Table2[[#This Row],[Unit num]]&"/"&Table2[[#This Row],[Unit den]],Conversion!$A$2:$B$50,2,0)*Table2[[#This Row],[Brine Water]]) | U96: =IF(ISBLANK(Table2[[#This Row],[Freshwater]]),"",+VLOOKUP(Table2[[#This Row],[Unit num]]&"/"&Table2[[#This Row],[Unit den]],Conversion!$A$2:$B$50,2,0)*Table2[[#This Row],[Freshwater]]) -> 100.1 | V96: =+VLOOKUP(Table2[[#This Row],[Unit num]]&"/"&Table2[[#This Row],[Unit den]],Conversion!$A$2:$B$50,2,0)*Table2[[#This Row],[Total Water]] -> 100.1 | W96: 0 | X96: =+IF(ISBLANK(Table2[[#This Row],[Brine Water]]),"",Table2[[#This Row],[Brine_m3_tonLCE_GradeOnly]]/Table2[[#This Row],[BrineWater_m3_tonLCE]])

Sheet Vera2023_DLE
A1: SI Table S3 | C1: Vera, M. L., Torres, W. R., Galli, C. I., Chagnes, A., & Flexer, V. (2023). Environmental impact of direct lithium extraction from brines. Nature Reviews Earth & Environment, 4(3), 149-165.
A2: Technology | B2: Freshwater requirements (m3 of water per tonne of Li2CO3) | C2: Final Li+ concentration after DLE processing (g l-1) grams/liter | D2: Reference
A3: Liquid-liquid extraction | B3: 0.06 | C3: 4.4 | D3: 74 | H3: Average values | I3: m3 per tLCE | J3: grams/Liter
A4: Liquid-liquid extraction | B4: 2591 | C4: 0.09 | D4: 75 | H4: Liquid-liquid extraction | I4: =+AVERAGE(B3:B14) -> 302.69333 | J4: =+AVERAGE(C3:C14) -> 6.4275
A5: Liquid-liquid extraction | B5: 756.5 | C5: 0.3 | D5: 76 | H5: Ion Exchange resins | I5: =+AVERAGE(B17:B33) -> 6074.6047 | J5: =+AVERAGE(C17:C33) -> 0.27226667
A6: Liquid-liquid extraction | B6: 0.81 | C6: 1.25 | D6: 85 | H6: Ion-pumping | I6: =+AVERAGE(B34:B51) -> 1019.6444 | J6: =+AVERAGE(C34:C51) -> 1.4016667
A7: Liquid-liquid extraction | B7: 29.6 | C7: 20.92 | D7: 77
A8: Liquid-liquid extraction | B8: 2.11 | C8: 1.27 | D8: 78 | H8: DLE | I8: =+AVERAGE(B3:B51) -> 2886.8942 | J8: =+AVERAGE(C3:C51) -> 2.5136923
A9: Liquid-liquid extraction | B9: 188.62 | C9: 20 | D9: 79
A10: Liquid-liquid extraction | B10: 1.99 | C10: 0.99 | D10: 80
A11: Liquid-liquid extraction | B11: 0.08 | C11: 1.18 | D11: 81
A12: Liquid-liquid extraction | B12: 1.12 | C12: 15.05 | D12: 82
A13: Liquid-liquid extraction | B13: 0.18 | C13: 8.25 | D13: 83
A14: Liquid-liquid extraction | B14: 60.25 | C14: 3.43 | D14: 86
A15: Ion Exchange resins | B15: N/R | C15: N/R | D15: 48
A16: Ion Exchange resins | B16: N/R | C16: N/R | D16: 49
A17: Ion Exchange resins | B17: 9.09 | C17: 0.62 | D17: 87
A18: Ion Exchange resins | B18: 32.88 | C18: 0.24 | D18: 88
A19: Ion Exchange resins | B19: 2684 | C19: 0.014 | D19: 89
A20: Ion Exchange resins | B20: 188 | C20: 0.05 | D20: 50
A21: Ion Exchange resins | B21: 7994 | C21: 0.005 | D21: 90
A22: Ion Exchange resins | B22: 226.2 | C22: 0.041 | D22: 91
A23: Ion Exchange resins | B23: 8.2 | C23: 0.229 | D23: 51
A24: Ion Exchange resins | B24: 462 | C24: 0.061 | D24: 52
A25: Ion Exchange resins | B25: N/R | C25: N/R | D25: 53
A26: Ion Exchange resins | B26: 60604 | C26: 0.003 | D26: 54
A27: Ion Exchange resins | B27: 18787 | C27: 0.001 | D27: 55
A28: Ion Exchange resins | B28: 20.35 | C28: 0.277 | D28: 56
A29: Ion Exchange resins | B29: 18.1 | C29: 0.347 | D29: 57
A30: Ion Exchange resins | B30: 2.74 | C30: 0.342 | D30: 58
A31: Ion Exchange resins | B31: 0.11 | C31: 1.74 | D31: 59
A32: Ion Exchange resins | B32: N/R | C32: N/R | D32: 60
A33: Ion Exchange resins | B33: 82.4 | C33: 0.114 | D33: 61
A34: Ion-pumping | B34: N/R | C34: N/R | D34: 10
A35: Ion-pumping | B35: 229.6 | C35: 0.09 | D35: 11
A36: Ion-pumping | B36: N/R | C36: 0.49 | D36: 13
A37: Ion-pumping | B37: N/R | C37: N/R | D37: 12
A38: Ion-pumping | B38: N/R | C38: N/R | D38: 14
A39: Ion-pumping | B39: 4169.3 | C39: 0.14 | D39: 92
A40: Ion-pumping | B40: 90.3 | C40: 0.21 | D40: 93
A41: Ion-pumping | B41: 41.4 | C41: 13.8 | D41: 15
A42: Ion-pumping | B42: 757.5 | C42: 0.06 | D42: 16
A43: Ion-pumping | B43: 2119.8 | C43: 0.19 | D43: 17
A44: Ion-pumping | B44: N/R | C44: N/R | D44: 94
A45: Ion-pumping | B45: N/R | C45: 0.16 | D45: 18
A46: Ion-pumping | B46: N/R | C46: N/R | D46: 95
A47: Ion-pumping | B47: N/R | C47: N/R | D47: 96
A48: Ion-pumping | B48: 857.7 | C48: 0.05 | D48: 97
A49: Ion-pumping | B49: 773.5 | C49: 0.24 | D49: 98
A50: Ion-pumping | B50: N/R | C50: 1.32 | D50: 99
A51: Ion-pumping | B51: 137.7 | C51: 0.07 | D51: 100

Sheet Conversion
A1: Comb | B1: Factor_m3/tonLCE
A2: kg/kg LCE Battery grade | B2: 1
A3: liters/ton LCE | B3: =1/1000 -> 0.001
A4: m3/ton LCE | B4: 1
A5: kg/kg LCE | B5: 1
A6: kg/kg LiOH.H2O | B6: =1/0.8808 -> 1.1353315
A7: kg/ton LCE | B7: =1/1000 -> 0.001
A8: m3/ton LCE Battery Grade | B8: 1
A9: m3/ton Li | B9: =1/5.323 -> 0.18786399
A10: ton/ton LCE | B10: 1

Sheet References
A1: ID | B1: Name | C1: Full cite | D1: Year | E1: DOI | F1: Notes | G1: Type
A2: 1 | B2: GREET
A3: 2 | B3: ecoinvent
A4: 3 | B4: Schenker & Pfister (2025) | C4: Schenker, Vanessa, and Stephan Pfister. "Current and Future Impacts of Lithium Carbonate from Brines: A Global Regionalized Life Cycle Assessment Model." Environmental Science & Technology 59.13 (2025): 6543-6555. | D4: 2025 | E4: https://doi.org/10.1021/acs.est.4c12619 | G4: Freshwater consumption
A5: 4 | B5: Lagos et al. (2024) | C5: Lagos, G., Cifuentes, L., Peters, D., Castro, L., & Valdés, J. M. (2024). Carbon footprint and water inventory of the production of lithium in the Atacama Salt Flat, Chile. Environmental Challenges, 16, 100962. | D5: 2024 | E5: https://doi.org/10.1016/j.envc.2024.100962 | G5: Water consumption
A6: 5 | B6: Feng et al. (2025) | C6: Feng, Y., Feng, D., Sun, X., Liu, Z., Li, W., & Wang, P. (2025). Environmental Impacts of Lithium Brines Across the World: Brine Quality, Technology Choices and Regional Disparities. ACS Sustainable Chemistry & Engineering, 13(38), 15828-15838. | D6: 2025 | E6: https://doi.org/10.1021/acssuschemeng.5c03739 | G6: Water consumption
A7: 6 | B7: Feng et al. (2024) | C7: Feng, Y., Wang, P., Li, W., Zhang, Q., Chen, W. Q., & Feng, D. (2024). Environmental impacts of lithium supply chains from Australia to China. Environmental Research Letters, 19(9), 094035. | D7: 2024 | E7: 10.1088/1748-9326/ad69ac | G7: Water consumption
A8: 7 | B8: Iyer & Kelly (2024) | C8: Iyer, R. K., & Kelly, J. C. (2024). Life-cycle analysis of lithium chemical production in the United States. RSC Sustainability, 2(12), 3929-3945. | D8: 2024 | E8: https://doi.org/10.1039/D4SU00446A | G8: Water consumption
A9: 8 | B9: Iyer, Kelly & Wang (2026) | C9: Iyer, R. K., Kelly, J. C., & Wang, M. (2026). Life-cycle greenhouse gas emissions analysis of battery-grade lithium production in Finland. Resources, Conservation and Recycling, 225, 108592. | D9: 2026 | E9: https://doi.org/10.1016/j.resconrec.2025.108592 | G9: Water consumption
A10: 9 | B10: Khakmardan et al. (2024) | C10: Khakmardan, S., Li, W., Giurco, D., & Crawford, R. (2024). Life cycle assessment of lithium carbonate production: Comparing sedimentary deposits. Journal of Cleaner Production, 467, 142955. | D10: 2024 | E10: https://doi.org/10.1016/j.jclepro.2024.142955 | G10: Water consumption
A11: 10 | B11: Paz et al. (2025) | C11: Paz, W. F. D., Seghezzo, L., Barboza, A. G. S., Escosteguy, M., Arias-Alvarado, P. V., Kruse, E., ... & Iribarnegaray, M. A. (2025). The water footprint of lithium extraction technologies: Insights from environmental impact reports in Argentina's salt flats. Heliyon, 11(4). | E11: https://doi.org/10.1016/j.heliyon.2025.e42523 | G11: Water consumption
A12: 11 | B12: Mousavinezhad et al. (2025) | C12: Mousavinezhad, S., Fahimi, A., Sharifian, S., & Vahidi, E. (2025). Sustainable lithium production from sedimentary rock deposits: Carbon reduction and EV synergies. Resources, Conservation and Recycling, 218, 108271. | D12: 2025 | E12: https://doi.org/10.1016/j.resconrec.2025.108271 | G12: Water consumption
A13: 12 | B13: Roy et al. (2024) | C13: Roy, V., Paranthaman, M. P., & Zhao, F. (2024). Lithium from clay: Assessing the environmental impacts of extraction. Sustainable Production and Consumption, 52, 324-332. | D13: 2024 | E13: https://doi.org/10.1016/j.spc.2024.11.008 | G13: Water consumption
A14: 13 | B14: Mas-Fons et al. (2024) | C14: Mas-Fons, A., Arduin, R. H., Loubet, P., Pereira, T., Parvez, A. M., & Sonnemann, G. (2024). Carbon and water footprint of battery-grade lithium from brine and spodumene: A simulation-based LCA. Journal of Cleaner Production, 452, 142108. | D14: 2024 | E14: https://doi.org/10.1016/j.jclepro.2024.142108 | F14: Good data on SI on LI deposit grade ore | G14: Water consumption
A15: 14 | B15: Sun et al. (2024) | C15: Sun, X., Giljum, S., Maus, V., Schomberg, A., Zhang, S., & You, F. (2025). Robust assessments of lithium mining impacts embodied in global supply chain require spatially explicit analyses. Environmental Science & Technology, 59(14), 7081-7094. | D15: 2025 | E15: 10.1021/acs.est.4c12749 | F15: Good data on SI and they use withdarwal ratio rather than AWARE (for impact characterization) | G15: Water use
A16: 15 | B16: Orquera et al. (2026) | C16: Orquera, E., Xu, G., Werner, T., Northey, S., Tiku, O., Giurco, D., & Matsubae, K. (2026). Lithium in Latin America: A dynamic material flow analysis and mapping CO2, water, and land footprints to 2050. Resources, Conservation and Recycling, 226, 108677. | D16: 2026 | E16: https://doi.org/10.1016/j.resconrec.2025.108677 | F16: They have technological progress scenario. It also has land impact. | G16: No data point used
A17: 16 | B17: Vera et al. (2023) | C17: Vera, M. L., Torres, W. R., Galli, C. I., Chagnes, A., & Flexer, V. (2023). Environmental impact of direct lithium extraction from brines. Nature Reviews Earth & Environment, 4(3), 149-165. | D17: 2023 | E17: https://doi.org/10.1038/s43017-022-00387-5 | F17: Data of 57 articles compiled on this review | G17: Freshwater consumption
A18: 17 | B18: Halkers et al. (2024) | C18: Halkes, R. T., Hughes, A., Wall, F., Petavratzi, E., Pell, R., & Lindsay, J. J. (2024). Life cycle assessment and water use impacts of lithium production from salar deposits: Challenges and opportunities. Resources, Conservation and Recycling, 207, 107554. | D18: 2024 | E18: https://doi.org/10.1016/j.resconrec.2024.107554 | G18: No data point used
